rider_id,first_name,last_name,mobile_number,home_city,province,preferred_payment,account_created_date
RIDER_000001,Suné,Jacobs,27762721960,Johannesburg,Gauteng,DEBIT_CARD,2024/09/07
RIDER_000002,Cheslyn,Ismail,27789236009,Durban,KwaZulu-Natal,EFT_OZOW,2024/03/27
RIDER_000003,Sipho,Mabena,27635819091,Pretoria,Gauteng,CREDIT_CARD,2024/04/05
RIDER_000004,Zubair,Davies,27667664202,Johannesburg,Gauteng,CASH,2023/12/23
RIDER_000005,Bradley,Petersen,27802280435,Vanderbijlpark,Gauteng,CASH,2023/04/02
RIDER_000006,Nirav,Brown,27698674700,Durban,KwaZulu-Natal,DEBIT_CARD,2025/06/16
RIDER_000007,Keanu,Johnson,27607188185,Gqeberha,Eastern Cape,CASH,2024/04/17
RIDER_000008,Siyabonga,Reddy,27789362688,Cape Town,Western Cape,CREDIT_CARD,2024/03/11
RIDER_000009,Monique,Hendricks,27729802211,Durban,KwaZulu-Natal,CASH,2025/05/14
RIDER_000010,Stacy,Abrahams,27769690383,Cape Town,Western Cape,CREDIT_CARD,2024/08/12
RIDER_000011,Simphiwe,Sithole,27829778116,Pretoria,Gauteng,CREDIT_CARD,2025/01/04
RIDER_000012,Devan,Bester,27649088515,Durban,KwaZulu-Natal,DEBIT_CARD,2025/05/20
RIDER_000013,Priya,Bester,27825211189,Johannesburg,Gauteng,EFT_OZOW,2024/02/16
RIDER_000014,Jacques,Cupido,27809420478,Gqeberha,Eastern Cape,IN_APP_WALLET,2025/04/04
RIDER_000015,Fatima,Pretorius,27695513674,Cape Town,Western Cape,CREDIT_CARD,2023/02/03
RIDER_000016,Monique,Cassim,27769212741,Pretoria,Gauteng,CASH,2023/07/24
RIDER_000017,Zubair,Dawood,27769340912,Vanderbijlpark,Gauteng,IN_APP_WALLET,2024/07/25
RIDER_000018,Zanele,Brown,27708678186,Gqeberha,Eastern Cape,CREDIT_CARD,2024/03/24
RIDER_000019,Kiran,Steyn,27744071049,Gqeberha,Eastern Cape,IN_APP_WALLET,2025/05/12
RIDER_000020,Kavita,Molefe,27805470559,Gqeberha,Eastern Cape,IN_APP_WALLET,2024/01/15
RIDER_000021,Palesa,Padayachee,27648539593,Johannesburg,Gauteng,CREDIT_CARD,2023/04/05
RIDER_000022,Ayesha,Julies,27624335171,Johannesburg,Gauteng,DEBIT_CARD,2023/05/04
RIDER_000023,Nandipha,Julies,27686993671,Durban,KwaZulu-Natal,DEBIT_CARD,2023/01/06
RIDER_000024,Kayla,Hendricks,27823262652,Vanderbijlpark,Gauteng,EFT_OZOW,2023/08/17
RIDER_000025,Gareth,Ramaphosa,27799467819,Cape Town,Western Cape,CASH,2023/03/28
RIDER_000026,Tshepo,Phakathi,27786133900,Cape Town,Western Cape,EFT_OZOW,2024/02/26
RIDER_000027,Khotso,Fortuin,27667308337,Cape Town,Western Cape,CREDIT_CARD,2023/04/19
RIDER_000028,Luyanda,Sithole,27716929115,Cape Town,Western Cape,CREDIT_CARD,2023/01/27
RIDER_000029,Tariq,Walker,27816094766,Durban,KwaZulu-Natal,IN_APP_WALLET,2023/11/30
RIDER_000030,Amina,Dawood,27783864434,Johannesburg,Gauteng,DEBIT_CARD,2024/08/28
RIDER_000031,Nthabiseng,Moodley,27796644171,Durban,KwaZulu-Natal,IN_APP_WALLET,2024/09/04
RIDER_000032,Ayrton,Cupido,27721572987,Pretoria,Gauteng,DEBIT_CARD,2024/10/24
RIDER_000033,Nandipha,Julies,27618580296,Pretoria,Gauteng,DEBIT_CARD,2024/05/10
RIDER_000034,Thabo,Ramaphosa,27809890860,Gqeberha,Eastern Cape,DEBIT_CARD,2025/03/15
RIDER_000035,Lungile,Botha,27814120649,Durban,KwaZulu-Natal,IN_APP_WALLET,2023/10/07
RIDER_000036,Nirav,Ismail,27627428783,Cape Town,Western Cape,CASH,2023/07/11
RIDER_000037,Rethabile,Steyn,27749348383,Vanderbijlpark,Gauteng,IN_APP_WALLET,2023/10/22
RIDER_000038,Rethabile,Walker,27769087503,Cape Town,Western Cape,IN_APP_WALLET,2023/05/03
RIDER_000039,Sumaiya,Smith,27634595877,Durban,KwaZulu-Natal,DEBIT_CARD,2023/01/06
RIDER_000040,Priya,Miller,27734061027,Johannesburg,Gauteng,CREDIT_CARD,2023/12/27
RIDER_000041,Tshepo,Naidoo,27774632979,Potchefstroom,North West,CREDIT_CARD,2024/09/27
RIDER_000042,Anika,Venter,27785944247,Gqeberha,Eastern Cape,EFT_OZOW,2023/10/02
RIDER_000043,Cheslyn,Ramaphosa,27635424365,Gqeberha,Eastern Cape,CREDIT_CARD,2024/03/22
RIDER_000044,Sbusiso,Mthembu,27846976939,Pretoria,Gauteng,DEBIT_CARD,2024/10/23
RIDER_000045,Sbusiso,Jacobs,27705643699,Gqeberha,Eastern Cape,EFT_OZOW,2025/05/07
RIDER_000046,Willem,Davies,27655376476,Johannesburg,Gauteng,CASH,2023/03/06
RIDER_000047,Ashley,Kruger,27731258872,Johannesburg,Gauteng,CREDIT_CARD,2023/04/09
RIDER_000048,Thabo,Johnson,27632574879,Pretoria,Gauteng,EFT_OZOW,2024/08/13
RIDER_000049,David,Davies,27848651160,Potchefstroom,North West,EFT_OZOW,2024/10/02
RIDER_000050,Tamtyn,Zulu,27726302669,Gqeberha,Eastern Cape,EFT_OZOW,2023/08/09
RIDER_000051,Rohan,Mahomed,27813003874,Durban,KwaZulu-Natal,CASH,2025/05/31
RIDER_000052,Khensani,Chetty,27696978022,Durban,KwaZulu-Natal,CREDIT_CARD,2025/01/23
RIDER_000053,Fatima,Mokoena,27696545676,Gqeberha,Eastern Cape,CASH,2025/01/14
RIDER_000054,Bandile,Taylor,27847990000,Potchefstroom,North West,CASH,2024/08/22
RIDER_000055,Chad,Harrison,27661941959,Johannesburg,Gauteng,CREDIT_CARD,2023/06/16
RIDER_000056,Bandile,Makhanya,27613108593,Durban,KwaZulu-Natal,EFT_OZOW,2023/12/29
RIDER_000057,Chantelle,Mokoena,27733118925,Durban,KwaZulu-Natal,CASH,2024/03/01
RIDER_000058,Bradley,Joubert,27848062963,Cape Town,Western Cape,DEBIT_CARD,2025/03/04
RIDER_000059,Lesedi,Julies,27607658179,Pretoria,Gauteng,CASH,2025/03/16
RIDER_000060,Rulani,Khumalo,27605644462,Pretoria,Gauteng,EFT_OZOW,2024/05/05
RIDER_000061,Dakalo,Davies,27642500668,Cape Town,Western Cape,DEBIT_CARD,2024/07/20
RIDER_000062,Kiran,Steyn,27709731684,Johannesburg,Gauteng,CASH,2023/02/27
RIDER_000063,Lerato,Oosthuizen,27751978059,Gqeberha,Eastern Cape,DEBIT_CARD,2024/11/26
RIDER_000064,Khotso,Reddy,27827038642,Durban,KwaZulu-Natal,DEBIT_CARD,2024/07/29
RIDER_000065,Anika,Harrison,27667286867,Potchefstroom,North West,CASH,2024/04/15
RIDER_000066,Priya,Cupido,27756237740,Gqeberha,Eastern Cape,DEBIT_CARD,2023/06/12
RIDER_000067,Ashley,Tau,27751089117,Gqeberha,Eastern Cape,CASH,2025/04/13
RIDER_000068,Yusuf,Padayachee,27613895290,Potchefstroom,North West,CREDIT_CARD,2023/11/03
RIDER_000069,Chad,Steyn,27642690330,Vanderbijlpark,Gauteng,CREDIT_CARD,2024/06/30
RIDER_000070,Kayla,Johnson,27781748986,Pretoria,Gauteng,IN_APP_WALLET,2024/01/25
RIDER_000071,Yusuf,Botha,27762760290,Durban,KwaZulu-Natal,CREDIT_CARD,2023/05/26
RIDER_000072,Samantha,Miller,27775386303,Gqeberha,Eastern Cape,CASH,2023/02/12
RIDER_000073,Gareth,du Plessis,27655914265,Gqeberha,Eastern Cape,CASH,2024/07/08
RIDER_000074,Sarah,Phakathi,27724165812,Vanderbijlpark,Gauteng,CREDIT_CARD,2025/05/17
RIDER_000075,Kavita,Mahomed,27713866978,Durban,KwaZulu-Natal,EFT_OZOW,2023/01/31
RIDER_000076,Suné,Julies,27643750423,Pretoria,Gauteng,CREDIT_CARD,2023/04/30
RIDER_000077,Sipho,Pillay,27627173957,Durban,KwaZulu-Natal,CASH,2023/08/10
RIDER_000078,Khotso,Oosthuizen,27642782899,Durban,KwaZulu-Natal,CASH,2024/05/11
RIDER_000079,Luyanda,Govender,27686058251,Johannesburg,Gauteng,CREDIT_CARD,2023/12/23
RIDER_000080,Amina,Makhanya,27779706475,Cape Town,Western Cape,DEBIT_CARD,2025/04/28
RIDER_000081,Priya,Campbell,27622158212,Vanderbijlpark,Gauteng,CREDIT_CARD,2025/04/07
RIDER_000082,Jacques,Steyn,27844792454,Cape Town,Western Cape,DEBIT_CARD,2023/11/29
RIDER_000083,Suraj,Miller,27709274426,Cape Town,Western Cape,IN_APP_WALLET,2023/11/18
RIDER_000084,Katlego,Dawood,27676847641,Pretoria,Gauteng,CASH,2024/02/24
RIDER_000085,Gareth,Govender,27663590042,Potchefstroom,North West,IN_APP_WALLET,2025/01/30
RIDER_000086,Simphiwe,Moodley,27686519259,Durban,KwaZulu-Natal,CREDIT_CARD,2023/11/24
RIDER_000087,Zaheer,Steyn,27645499261,Vanderbijlpark,Gauteng,DEBIT_CARD,2023/12/06
RIDER_000088,Cheslyn,Makhanya,27685923599,Pretoria,Gauteng,EFT_OZOW,2024/04/14
RIDER_000089,Megan,Reddy,27606522554,Gqeberha,Eastern Cape,IN_APP_WALLET,2023/12/11
RIDER_000090,Amina,Julies,27764521759,Johannesburg,Gauteng,IN_APP_WALLET,2023/12/27
RIDER_000091,Elize,Mthembu,27723901946,Gqeberha,Eastern Cape,CREDIT_CARD,2023/10/01
RIDER_000092,Khensani,Ramaphosa,27707956210,Durban,KwaZulu-Natal,IN_APP_WALLET,2025/05/21
RIDER_000093,Stefan,Ndlovu,27614688825,Cape Town,Western Cape,CREDIT_CARD,2024/11/07
RIDER_000094,Johan,Walker,27604510199,Potchefstroom,North West,IN_APP_WALLET,2024/06/11
RIDER_000095,Jessica,Mabena,27774148288,Vanderbijlpark,Gauteng,EFT_OZOW,2025/02/26
RIDER_000096,Nomvula,Tau,27704680993,Johannesburg,Gauteng,IN_APP_WALLET,2023/07/31
RIDER_000097,Tebogo,Johnson,27627996754,Durban,KwaZulu-Natal,EFT_OZOW,2024/11/28
RIDER_000098,Cheslyn,Phakathi,27631474868,Durban,KwaZulu-Natal,CASH,2024/03/05
RIDER_000099,Lesedi,Cupido,27839613863,Johannesburg,Gauteng,DEBIT_CARD,2024/04/27
RIDER_000100,Stefan,Harrison,27716332106,Gqeberha,Eastern Cape,EFT_OZOW,2024/05/06
RIDER_000101,Zubair,Walker,27681615983,Vanderbijlpark,Gauteng,IN_APP_WALLET,2023/05/17
RIDER_000102,Kavita,Patel,27688820145,Johannesburg,Gauteng,DEBIT_CARD,2024/01/12
RIDER_000103,Kiran,Reddy,27694662369,Vanderbijlpark,Gauteng,EFT_OZOW,2023/02/25
RIDER_000104,Ashley,Molefe,27839538950,Potchefstroom,North West,EFT_OZOW,2025/02/23
RIDER_000105,Chantelle,Abrahams,27792522000,Potchefstroom,North West,EFT_OZOW,2024/06/18
RIDER_000106,Francois,Hendricks,27706697697,Durban,KwaZulu-Natal,CASH,2023/07/05
RIDER_000107,Cheslyn,Coetzee,27845319967,Johannesburg,Gauteng,EFT_OZOW,2024/06/17
RIDER_000108,Samantha,Chauke,27794604478,Potchefstroom,North West,CREDIT_CARD,2024/04/19
RIDER_000109,Nthabiseng,Mahomed,27769834490,Pretoria,Gauteng,DEBIT_CARD,2024/06/10
RIDER_000110,Johan,Hendricks,27646465355,Pretoria,Gauteng,CASH,2024/10/28
RIDER_000111,Nirav,Julies,27663550015,Cape Town,Western Cape,EFT_OZOW,2024/07/18
RIDER_000112,Khotso,Majozi,27642024716,Gqeberha,Eastern Cape,CREDIT_CARD,2023/10/15
RIDER_000113,Chantelle,Coetzee,27645488887,Potchefstroom,North West,EFT_OZOW,2024/12/10
RIDER_000114,Simphiwe,Cassim,27654130159,Vanderbijlpark,Gauteng,CREDIT_CARD,2025/02/08
RIDER_000115,Khotso,Padayachee,27809216512,Pretoria,Gauteng,EFT_OZOW,2023/01/30
RIDER_000116,Tumelo,Petersen,27712543320,Vanderbijlpark,Gauteng,IN_APP_WALLET,2024/11/27
RIDER_000117,Ashley,Tau,27703443532,Gqeberha,Eastern Cape,EFT_OZOW,2023/02/11
RIDER_000118,Sipho,Mthembu,27636922794,Cape Town,Western Cape,EFT_OZOW,2025/05/14
RIDER_000119,Khensani,Miller,27841471235,Gqeberha,Eastern Cape,DEBIT_CARD,2024/05/30
RIDER_000120,Siyabonga,Mahomed,27818266749,Pretoria,Gauteng,DEBIT_CARD,2025/05/03
RIDER_000121,Tebogo,Joubert,27679297302,Potchefstroom,North West,DEBIT_CARD,2024/01/17
RIDER_000122,Nirav,Mahomed,27838099740,Pretoria,Gauteng,IN_APP_WALLET,2025/05/26
RIDER_000123,Nthabiseng,Johnson,27808389971,Vanderbijlpark,Gauteng,EFT_OZOW,2024/09/13
RIDER_000124,Siyabonga,Venter,27834279047,Cape Town,Western Cape,CREDIT_CARD,2025/02/13
RIDER_000125,Sarah,Botha,27633887725,Johannesburg,Gauteng,DEBIT_CARD,2024/10/18
RIDER_000126,Palesa,Mahomed,27603430713,Cape Town,Western Cape,CASH,2023/10/22
RIDER_000127,Michael,Khan,27608995592,Gqeberha,Eastern Cape,EFT_OZOW,2024/04/16
RIDER_000128,Sarah,Hendricks,27642802926,Vanderbijlpark,Gauteng,DEBIT_CARD,2024/07/27
RIDER_000129,Sarah,Cassim,27721809251,Pretoria,Gauteng,EFT_OZOW,2023/12/01
RIDER_000130,Khensani,Mabena,27748861121,Potchefstroom,North West,CASH,2024/07/13
RIDER_000131,Sumaiya,Isaacs,27635632460,Potchefstroom,North West,CASH,2023/02/08
RIDER_000132,Gareth,Mbalula,27629852288,Johannesburg,Gauteng,IN_APP_WALLET,2024/07/31
RIDER_000133,Samantha,Cassim,27799030089,Johannesburg,Gauteng,EFT_OZOW,2023/01/23
RIDER_000134,Suné,Phakathi,27602764176,Pretoria,Gauteng,IN_APP_WALLET,2023/04/05
RIDER_000135,Nirav,Kruger,27601774931,Pretoria,Gauteng,CREDIT_CARD,2025/02/09
RIDER_000136,Yusuf,Makhanya,27836618915,Durban,KwaZulu-Natal,DEBIT_CARD,2023/11/11
RIDER_000137,Mulalo,Walker,27828862948,Cape Town,Western Cape,DEBIT_CARD,2024/02/14
RIDER_000138,Kiran,Davies,27731692636,Pretoria,Gauteng,IN_APP_WALLET,2023/09/13
RIDER_000139,Lesedi,Singh,27662907857,Durban,KwaZulu-Natal,EFT_OZOW,2024/05/02
RIDER_000140,Bradley,Abrahams,27761274296,Durban,KwaZulu-Natal,IN_APP_WALLET,2023/08/12
RIDER_000141,Zanele,Isaacs,27743353643,Cape Town,Western Cape,CASH,2023/09/04
RIDER_000142,Yusuf,Davies,27688242884,Potchefstroom,North West,EFT_OZOW,2023/01/27
RIDER_000143,Dylan,Fortuin,27659898227,Vanderbijlpark,Gauteng,CREDIT_CARD,2024/07/30
RIDER_000144,Mpho,Nkosi,27773853179,Vanderbijlpark,Gauteng,IN_APP_WALLET,2024/02/20
RIDER_000145,Zola,Chauke,27737726268,Potchefstroom,North West,CREDIT_CARD,2023/09/08
RIDER_000146,Bongani,Steyn,27843835302,Pretoria,Gauteng,EFT_OZOW,2023/09/30
RIDER_000147,Thandeka,Kruger,27651609760,Vanderbijlpark,Gauteng,DEBIT_CARD,2024/12/24
RIDER_000148,Cheslyn,Baloyi,27741596825,Potchefstroom,North West,CASH,2024/12/11
RIDER_000149,Kiran,Zulu,27669077566,Cape Town,Western Cape,CREDIT_CARD,2023/10/26
RIDER_000150,Tebogo,Molefe,27684432612,Johannesburg,Gauteng,CREDIT_CARD,2023/10/21
RIDER_000151,Nandipha,Bester,27682196405,Durban,KwaZulu-Natal,EFT_OZOW,2023/06/21
RIDER_000152,Yusuf,Julies,27679309195,Durban,KwaZulu-Natal,CREDIT_CARD,2024/07/08
RIDER_000153,Rulani,Solomons,27728785017,Vanderbijlpark,Gauteng,CREDIT_CARD,2023/09/06
RIDER_000154,Lerato,Padayachee,27722499444,Johannesburg,Gauteng,IN_APP_WALLET,2024/11/22
RIDER_000155,Rethabile,van der Merwe,27673761347,Durban,KwaZulu-Natal,EFT_OZOW,2023/07/24
RIDER_000156,Stefan,Reddy,27683833938,Durban,KwaZulu-Natal,IN_APP_WALLET,2023/04/05
RIDER_000157,David,Nkosi,27833185926,Johannesburg,Gauteng,EFT_OZOW,2025/06/02
RIDER_000158,Ntsako,Bester,27823499541,Durban,KwaZulu-Natal,CASH,2023/06/29
RIDER_000159,Chester,Baloyi,27641025285,Cape Town,Western Cape,IN_APP_WALLET,2023/04/02
RIDER_000160,Amina,Ismail,27816680935,Gqeberha,Eastern Cape,EFT_OZOW,2023/12/31
RIDER_000161,Gareth,Khumalo,27805232716,Johannesburg,Gauteng,DEBIT_CARD,2023/04/29
RIDER_000162,Ntsako,Taylor,27794013854,Cape Town,Western Cape,CASH,2025/02/03
RIDER_000163,Lerato,Mokoena,27703944749,Durban,KwaZulu-Natal,IN_APP_WALLET,2024/08/27
RIDER_000164,Ntsako,Bester,27843669893,Johannesburg,Gauteng,EFT_OZOW,2024/05/29
RIDER_000165,Kavita,Baloyi,27623133628,Gqeberha,Eastern Cape,CREDIT_CARD,2024/09/19
RIDER_000166,Jacques,Majozi,27735228749,Durban,KwaZulu-Natal,CREDIT_CARD,2024/03/30
RIDER_000167,Willem,Tau,27721084032,Durban,KwaZulu-Natal,IN_APP_WALLET,2024/08/24
RIDER_000168,Nomvula,Louw,27708446428,Johannesburg,Gauteng,CREDIT_CARD,2025/05/16
RIDER_000169,Anika,Singh,27848449199,Cape Town,Western Cape,CASH,2023/09/14
RIDER_000170,Ashley,Bester,27696253779,Cape Town,Western Cape,DEBIT_CARD,2023/04/15
RIDER_000171,Chester,Mokoena,27664579018,Durban,KwaZulu-Natal,CASH,2024/12/30
RIDER_000172,Megan,Fourie,27826459827,Potchefstroom,North West,DEBIT_CARD,2025/03/30
RIDER_000173,Rulani,Chetty,27646624369,Johannesburg,Gauteng,EFT_OZOW,2024/02/09
RIDER_000174,Tamtyn,Cupido,27697342400,Pretoria,Gauteng,CASH,2023/12/22
RIDER_000175,Ayesha,Oosthuizen,27659534076,Potchefstroom,North West,CASH,2023/02/08
RIDER_000176,Katlego,Taylor,27658222750,Gqeberha,Eastern Cape,EFT_OZOW,2023/05/09
RIDER_000177,Bradley,Adams,27811992778,Cape Town,Western Cape,EFT_OZOW,2023/11/11
RIDER_000178,Zanele,Petersen,27705998714,Gqeberha,Eastern Cape,IN_APP_WALLET,2023/08/20
RIDER_000179,Nirav,Petersen,27699489707,Gqeberha,Eastern Cape,CASH,2025/05/01
RIDER_000180,Samantha,Isaacs,27671226486,Vanderbijlpark,Gauteng,IN_APP_WALLET,2024/06/22
RIDER_000181,Samantha,Patel,27677340297,Cape Town,Western Cape,CASH,2025/06/03
RIDER_000182,Kagiso,Chauke,27674612224,Gqeberha,Eastern Cape,DEBIT_CARD,2024/05/17
RIDER_000183,Kevin,Bester,27658305598,Durban,KwaZulu-Natal,EFT_OZOW,2023/07/14
RIDER_000184,Kagiso,Julies,27622702863,Vanderbijlpark,Gauteng,CREDIT_CARD,2023/08/11
RIDER_000185,Bandile,Cassim,27796821856,Cape Town,Western Cape,EFT_OZOW,2024/10/03
RIDER_000186,Brandon,Joubert,27706211097,Johannesburg,Gauteng,CREDIT_CARD,2023/04/10
RIDER_000187,Stefan,Tau,27747943638,Johannesburg,Gauteng,CREDIT_CARD,2024/10/21
RIDER_000188,Palesa,Cupido,27756719070,Johannesburg,Gauteng,EFT_OZOW,2023/07/05
RIDER_000189,Siyabonga,Campbell,27673506484,Johannesburg,Gauteng,IN_APP_WALLET,2024/04/22
RIDER_000190,Nomvula,Cupido,27733196827,Potchefstroom,North West,CREDIT_CARD,2023/01/22
RIDER_000191,Rohan,Mahomed,27628412047,Gqeberha,Eastern Cape,IN_APP_WALLET,2023/03/04
RIDER_000192,Tariq,Campbell,27832653277,Cape Town,Western Cape,CREDIT_CARD,2024/02/22
RIDER_000193,Devan,Molefe,27689790879,Pretoria,Gauteng,DEBIT_CARD,2024/03/10
RIDER_000194,David,van der Merwe,27603376415,Johannesburg,Gauteng,EFT_OZOW,2024/09/12
RIDER_000195,Jacques,Steyn,27848292267,Potchefstroom,North West,CREDIT_CARD,2024/12/12
RIDER_000196,Michael,Nkosi,27732388707,Pretoria,Gauteng,EFT_OZOW,2025/02/25
RIDER_000197,Dakalo,Davies,27736213942,Durban,KwaZulu-Natal,DEBIT_CARD,2025/01/29
RIDER_000198,Dylan,Isaacs,27659851143,Potchefstroom,North West,IN_APP_WALLET,2023/09/17
RIDER_000199,Cheslyn,Kruger,27768719044,Johannesburg,Gauteng,CASH,2024/02/28
RIDER_000200,Dakalo,Nel,27828411680,Gqeberha,Eastern Cape,DEBIT_CARD,2024/01/02
RIDER_000201,Yusuf,Johnson,27686222612,Potchefstroom,North West,CREDIT_CARD,2025/06/12
RIDER_000202,Ntsako,Dlamini,27666664582,Durban,KwaZulu-Natal,CASH,2025/01/15
RIDER_000203,Bandile,Harrison,27728118664,Gqeberha,Eastern Cape,EFT_OZOW,2024/04/17
RIDER_000204,Bradley,Chauke,27718224017,Durban,KwaZulu-Natal,IN_APP_WALLET,2024/08/21
RIDER_000205,Stacy,Govender,27711242411,Vanderbijlpark,Gauteng,CASH,2024/01/31
RIDER_000206,David,Kruger,27751168113,Gqeberha,Eastern Cape,CASH,2024/02/28
RIDER_000207,Nandipha,Khumalo,27825931851,Cape Town,Western Cape,EFT_OZOW,2024/07/11
RIDER_000208,Bongani,Baloyi,27846550883,Potchefstroom,North West,IN_APP_WALLET,2023/09/25
RIDER_000209,Chantelle,Kruger,27604460128,Cape Town,Western Cape,DEBIT_CARD,2023/03/01
RIDER_000210,Rulani,Coetzee,27617159258,Johannesburg,Gauteng,EFT_OZOW,2024/07/06
RIDER_000211,Sbusiso,Solomons,27761912019,Cape Town,Western Cape,CASH,2023/05/10
RIDER_000212,Brandon,Louw,27632120941,Johannesburg,Gauteng,CREDIT_CARD,2025/03/24
RIDER_000213,Luyanda,Chetty,27613297261,Potchefstroom,North West,IN_APP_WALLET,2025/05/03
RIDER_000214,Kagiso,Williams,27737224459,Durban,KwaZulu-Natal,EFT_OZOW,2024/11/23
RIDER_000215,Zaheer,du Plessis,27617956728,Potchefstroom,North West,CASH,2023/06/03
RIDER_000216,Nirav,van der Merwe,27797663849,Vanderbijlpark,Gauteng,CREDIT_CARD,2023/03/12
RIDER_000217,Keanu,Padayachee,27758400277,Cape Town,Western Cape,DEBIT_CARD,2025/03/14
RIDER_000218,Pieter,Khoza,27648210038,Johannesburg,Gauteng,DEBIT_CARD,2023/10/04
RIDER_000219,Rohan,Isaacs,27793529070,Gqeberha,Eastern Cape,DEBIT_CARD,2023/11/26
RIDER_000220,Willem,Mokoena,27634243418,Pretoria,Gauteng,IN_APP_WALLET,2024/01/31
RIDER_000221,Michael,Khan,27621168383,Johannesburg,Gauteng,CASH,2024/08/13
RIDER_000222,Siyabonga,Smith,27774671720,Gqeberha,Eastern Cape,DEBIT_CARD,2023/12/15
RIDER_000223,Siyabonga,Taylor,27772865997,Vanderbijlpark,Gauteng,EFT_OZOW,2023/03/16
RIDER_000224,Tumelo,Dawood,27776833792,Gqeberha,Eastern Cape,DEBIT_CARD,2023/06/24
RIDER_000225,Palesa,Cupido,27683008060,Pretoria,Gauteng,IN_APP_WALLET,2023/09/15
RIDER_000226,Tariq,Patel,27664148493,Durban,KwaZulu-Natal,DEBIT_CARD,2024/01/04
RIDER_000227,Ayrton,Phakathi,27795814829,Cape Town,Western Cape,EFT_OZOW,2023/02/20
RIDER_000228,David,Fourie,27835631390,Durban,KwaZulu-Natal,IN_APP_WALLET,2024/10/12
RIDER_000229,Jacques,Tau,27688621605,Johannesburg,Gauteng,IN_APP_WALLET,2025/03/19
RIDER_000230,Sbusiso,Nel,27693072757,Gqeberha,Eastern Cape,CASH,2024/11/25
RIDER_000231,Brandon,Nkosi,27756305105,Potchefstroom,North West,CASH,2023/11/02
RIDER_000232,Bongani,Molefe,27698298272,Pretoria,Gauteng,CREDIT_CARD,2025/06/16
RIDER_000233,Katlego,Julies,27601504188,Pretoria,Gauteng,CASH,2023/07/26
RIDER_000234,Suné,Khoza,27689370365,Johannesburg,Gauteng,EFT_OZOW,2025/05/08
RIDER_000235,Elize,Julies,27834672197,Cape Town,Western Cape,CREDIT_CARD,2024/01/02
RIDER_000236,Keanu,Adams,27819197276,Potchefstroom,North West,IN_APP_WALLET,2023/03/05
RIDER_000237,Stefan,Patel,27665261548,Gqeberha,Eastern Cape,EFT_OZOW,2024/10/11
RIDER_000238,David,Reddy,27772357162,Durban,KwaZulu-Natal,CREDIT_CARD,2024/03/19
RIDER_000239,Bongani,Mbalula,27753444620,Cape Town,Western Cape,IN_APP_WALLET,2024/02/18
RIDER_000240,Sarah,Makhanya,27682976991,Johannesburg,Gauteng,DEBIT_CARD,2024/03/08
RIDER_000241,Nthabiseng,Smith,27668720210,Pretoria,Gauteng,CREDIT_CARD,2023/05/05
RIDER_000242,Sumaiya,Bester,27713896925,Johannesburg,Gauteng,IN_APP_WALLET,2025/04/01
RIDER_000243,Simphiwe,Pretorius,27826059240,Gqeberha,Eastern Cape,DEBIT_CARD,2023/11/12
RIDER_000244,Fatima,Williams,27738316773,Potchefstroom,North West,EFT_OZOW,2024/03/18
RIDER_000245,Siyabonga,Khan,27727174231,Pretoria,Gauteng,DEBIT_CARD,2024/09/14
RIDER_000246,Monique,Hendricks,27686323881,Durban,KwaZulu-Natal,DEBIT_CARD,2025/01/19
RIDER_000247,Elize,Cupido,27624263775,Potchefstroom,North West,CASH,2023/07/11
RIDER_000248,Priya,Coetzee,27674783205,Johannesburg,Gauteng,CASH,2024/09/29
RIDER_000249,Rohan,Cassim,27615599279,Cape Town,Western Cape,CASH,2024/12/11
RIDER_000250,Nandipha,Smith,27848791116,Johannesburg,Gauteng,CASH,2024/12/13
RIDER_000251,Ayrton,Chetty,27769574702,Potchefstroom,North West,IN_APP_WALLET,2025/02/01
RIDER_000252,Brandon,Modise,27635700087,Vanderbijlpark,Gauteng,CREDIT_CARD,2024/12/23
RIDER_000253,Yusuf,Ramaphosa,27676463350,Johannesburg,Gauteng,EFT_OZOW,2023/11/22
RIDER_000254,Dakalo,Bezuidenhout,27605753065,Pretoria,Gauteng,DEBIT_CARD,2024/08/02
RIDER_000255,Kavita,Smith,27749687011,Vanderbijlpark,Gauteng,CREDIT_CARD,2025/02/24
RIDER_000256,Simphiwe,Bezuidenhout,27687671347,Durban,KwaZulu-Natal,CREDIT_CARD,2023/07/03
RIDER_000257,Siyabonga,Pillay,27721127766,Cape Town,Western Cape,EFT_OZOW,2023/01/01
RIDER_000258,Kabelo,Khumalo,27821720263,Johannesburg,Gauteng,CASH,2024/10/11
RIDER_000259,Thabo,Khumalo,27751861623,Pretoria,Gauteng,CREDIT_CARD,2024/08/30
RIDER_000260,Zaheer,Sithole,27663614796,Johannesburg,Gauteng,IN_APP_WALLET,2023/07/25
RIDER_000261,Zanele,Pillay,27741551627,Pretoria,Gauteng,DEBIT_CARD,2023/02/07
RIDER_000262,Sumaiya,Jacobs,27758530973,Vanderbijlpark,Gauteng,EFT_OZOW,2024/12/12
RIDER_000263,Nomvula,Ismail,27827707459,Potchefstroom,North West,CREDIT_CARD,2023/04/18
RIDER_000264,Megan,Joubert,27712402952,Vanderbijlpark,Gauteng,CREDIT_CARD,2023/01/06
RIDER_000265,Kagiso,Oosthuizen,27765031253,Pretoria,Gauteng,CREDIT_CARD,2023/02/20
RIDER_000266,Jacques,Dlamini,27804458936,Potchefstroom,North West,CREDIT_CARD,2023/01/08
RIDER_000267,Tebogo,Chetty,27668434139,Vanderbijlpark,Gauteng,CREDIT_CARD,2025/06/15
RIDER_000268,Amina,Khoza,27706896804,Cape Town,Western Cape,DEBIT_CARD,2025/04/13
RIDER_000269,Ntsako,Mbalula,27623320274,Durban,KwaZulu-Natal,IN_APP_WALLET,2024/03/26
RIDER_000270,Kiran,Modise,27648537245,Johannesburg,Gauteng,IN_APP_WALLET,2023/01/21
RIDER_000271,Stefan,Adams,27793907133,Potchefstroom,North West,EFT_OZOW,2024/12/28
RIDER_000272,Tebogo,Nel,27799528522,Durban,KwaZulu-Natal,CREDIT_CARD,2025/01/22
RIDER_000273,Katlego,Hendricks,27613162666,Pretoria,Gauteng,IN_APP_WALLET,2024/12/01
RIDER_000274,Nomvula,Petersen,27733063670,Potchefstroom,North West,CASH,2024/07/25
RIDER_000275,Bandile,Phakathi,27782781734,Potchefstroom,North West,CASH,2024/05/15
RIDER_000276,Megan,Bester,27706268515,Johannesburg,Gauteng,CASH,2024/07/11
RIDER_000277,Kabelo,Mahomed,27724855607,Vanderbijlpark,Gauteng,CASH,2023/04/09
RIDER_000278,Amina,Ismail,27763459060,Cape Town,Western Cape,CASH,2024/08/18
RIDER_000279,Katlego,Kruger,27772528431,Cape Town,Western Cape,DEBIT_CARD,2023/09/30
RIDER_000280,Priya,Botha,27725455661,Johannesburg,Gauteng,DEBIT_CARD,2025/04/13
RIDER_000281,Ashley,Khan,27649672537,Gqeberha,Eastern Cape,DEBIT_CARD,2024/08/09
RIDER_000282,Tamtyn,Coetzee,27609849560,Johannesburg,Gauteng,DEBIT_CARD,2024/12/22
RIDER_000283,Jacques,Tau,27803596420,Gqeberha,Eastern Cape,CREDIT_CARD,2025/02/03
RIDER_000284,Lungile,Reddy,27659750344,Vanderbijlpark,Gauteng,DEBIT_CARD,2024/04/23
RIDER_000285,Kagiso,Patel,27617410632,Gqeberha,Eastern Cape,CREDIT_CARD,2025/06/17
RIDER_000286,Bandile,Julies,27768545234,Gqeberha,Eastern Cape,CREDIT_CARD,2023/11/02
RIDER_000287,Suné,Makhanya,27749992041,Johannesburg,Gauteng,CREDIT_CARD,2025/04/20
RIDER_000288,Rulani,Louw,27833402596,Johannesburg,Gauteng,CASH,2025/06/05
RIDER_000289,Samantha,Patel,27838333073,Pretoria,Gauteng,DEBIT_CARD,2024/10/22
RIDER_000290,Sumaiya,Phakathi,27747642384,Cape Town,Western Cape,CREDIT_CARD,2024/10/20
RIDER_000291,Lungile,Khoza,27827758057,Durban,KwaZulu-Natal,CREDIT_CARD,2023/06/29
RIDER_000292,Palesa,Isaacs,27717736746,Johannesburg,Gauteng,CREDIT_CARD,2024/04/11
RIDER_000293,Thabo,van der Merwe,27644578101,Johannesburg,Gauteng,EFT_OZOW,2024/02/19
RIDER_000294,Kayla,Khan,27796610141,Potchefstroom,North West,DEBIT_CARD,2023/09/24
RIDER_000295,Simphiwe,Hendricks,27697634228,Pretoria,Gauteng,CASH,2025/05/30
RIDER_000296,Zanele,Molefe,27667071940,Vanderbijlpark,Gauteng,CREDIT_CARD,2023/02/23
RIDER_000297,Bongani,Moodley,27669128827,Gqeberha,Eastern Cape,CREDIT_CARD,2025/01/12
RIDER_000298,Tariq,Nkosi,27803079212,Gqeberha,Eastern Cape,DEBIT_CARD,2025/02/19
RIDER_000299,Johan,Fourie,27677138958,Potchefstroom,North West,CREDIT_CARD,2024/03/03
RIDER_000300,Chester,Patel,27617818496,Vanderbijlpark,Gauteng,EFT_OZOW,2023/01/17
RIDER_000301,Sbusiso,Walker,27684652774,Potchefstroom,North West,CREDIT_CARD,2024/02/01
RIDER_000302,Nandipha,du Plessis,27801420054,Johannesburg,Gauteng,DEBIT_CARD,2023/07/01
RIDER_000303,Sipho,Botha,27636947320,Vanderbijlpark,Gauteng,DEBIT_CARD,2023/01/02
RIDER_000304,Bandile,Mabena,27689921831,Vanderbijlpark,Gauteng,DEBIT_CARD,2024/09/07
RIDER_000305,Khensani,Baloyi,27764544253,Gqeberha,Eastern Cape,CASH,2023/04/29
RIDER_000306,Thabo,Isaacs,27644592789,Durban,KwaZulu-Natal,EFT_OZOW,2024/02/17
RIDER_000307,Ayrton,Louw,27713215921,Gqeberha,Eastern Cape,CREDIT_CARD,2025/01/07
RIDER_000308,Lesedi,Coetzee,27669759896,Pretoria,Gauteng,IN_APP_WALLET,2023/07/29
RIDER_000309,Nirav,Dawood,27757638050,Cape Town,Western Cape,CREDIT_CARD,2023/10/24
RIDER_000310,Lerato,Patel,27693875278,Gqeberha,Eastern Cape,CASH,2025/05/13
RIDER_000311,Yusuf,Walker,27693555849,Cape Town,Western Cape,CASH,2023/05/24
RIDER_000312,Ayesha,Moodley,27682181786,Potchefstroom,North West,DEBIT_CARD,2024/09/20
RIDER_000313,Zubair,Johnson,27688458930,Potchefstroom,North West,IN_APP_WALLET,2024/02/15
RIDER_000314,Anika,Dawood,27624756636,Johannesburg,Gauteng,EFT_OZOW,2023/08/22
RIDER_000315,Bongani,Patel,27701355102,Cape Town,Western Cape,CASH,2024/08/11
RIDER_000316,Michael,Cassim,27607930375,Cape Town,Western Cape,CREDIT_CARD,2023/12/12
RIDER_000317,Dakalo,Fourie,27674411296,Cape Town,Western Cape,EFT_OZOW,2024/04/21
RIDER_000318,Dylan,van der Merwe,27729122709,Potchefstroom,North West,IN_APP_WALLET,2023/04/22
RIDER_000319,Monique,Reddy,27695271817,Johannesburg,Gauteng,CASH,2024/02/14
RIDER_000320,Monique,Johnson,27615094635,Potchefstroom,North West,IN_APP_WALLET,2023/07/02
RIDER_000321,Suné,Ismail,27775096345,Johannesburg,Gauteng,DEBIT_CARD,2025/04/26
RIDER_000322,Samantha,Dlamini,27756687962,Cape Town,Western Cape,IN_APP_WALLET,2024/05/30
RIDER_000323,Bradley,Naidoo,27627862619,Durban,KwaZulu-Natal,CASH,2024/07/13
RIDER_000324,Amina,Isaacs,27651746242,Johannesburg,Gauteng,DEBIT_CARD,2024/08/09
RIDER_000325,Tebogo,Smit,27619937822,Cape Town,Western Cape,IN_APP_WALLET,2024/02/24
RIDER_000326,Elize,Oosthuizen,27839351530,Durban,KwaZulu-Natal,CREDIT_CARD,2023/04/26
RIDER_000327,Kagiso,Fortuin,27799384922,Johannesburg,Gauteng,IN_APP_WALLET,2024/11/16
RIDER_000328,Kagiso,Coetzee,27849546820,Johannesburg,Gauteng,DEBIT_CARD,2023/06/21
RIDER_000329,Lerato,Adams,27602467638,Potchefstroom,North West,IN_APP_WALLET,2024/09/23
RIDER_000330,Yusuf,Steyn,27694125565,Pretoria,Gauteng,IN_APP_WALLET,2024/06/12
RIDER_000331,Bongani,Govender,27833571417,Pretoria,Gauteng,CASH,2025/05/25
RIDER_000332,Mpho,Molefe,27748365752,Vanderbijlpark,Gauteng,CASH,2024/03/11
RIDER_000333,Samantha,Bezuidenhout,27663778425,Potchefstroom,North West,DEBIT_CARD,2023/04/26
RIDER_000334,Tariq,Singh,27743655569,Cape Town,Western Cape,CREDIT_CARD,2023/10/21
RIDER_000335,Jessica,Venter,27845863665,Johannesburg,Gauteng,CASH,2024/03/28
RIDER_000336,Dylan,Khan,27743236199,Gqeberha,Eastern Cape,CASH,2025/06/01
RIDER_000337,Ayrton,Solomons,27781593704,Pretoria,Gauteng,DEBIT_CARD,2023/08/10
RIDER_000338,Luyanda,Ramaphosa,27838249500,Pretoria,Gauteng,IN_APP_WALLET,2024/06/06
RIDER_000339,Gareth,Botha,27658809795,Cape Town,Western Cape,CREDIT_CARD,2023/08/14
RIDER_000340,Palesa,Makhanya,27655582124,Durban,KwaZulu-Natal,IN_APP_WALLET,2023/04/03
RIDER_000341,Kagiso,Ramaphosa,27807274965,Vanderbijlpark,Gauteng,DEBIT_CARD,2024/09/22
RIDER_000342,Kabelo,Hendricks,27693870482,Pretoria,Gauteng,CASH,2024/01/30
RIDER_000343,Amina,Jacobs,27668877715,Vanderbijlpark,Gauteng,CREDIT_CARD,2024/05/14
RIDER_000344,Megan,Venter,27696473577,Gqeberha,Eastern Cape,DEBIT_CARD,2024/03/16
RIDER_000345,Zanele,Mahomed,27835340431,Potchefstroom,North West,CASH,2023/01/04
RIDER_000346,Luyanda,Nkosi,27697288155,Potchefstroom,North West,EFT_OZOW,2025/02/12
RIDER_000347,Ashley,Zulu,27788216521,Vanderbijlpark,Gauteng,CASH,2025/05/08
RIDER_000348,Nirav,Williams,27701771606,Gqeberha,Eastern Cape,CREDIT_CARD,2024/04/14
RIDER_000349,Johan,Fortuin,27702933487,Gqeberha,Eastern Cape,CASH,2024/07/10
RIDER_000350,Sipho,Baloyi,27664994682,Johannesburg,Gauteng,CREDIT_CARD,2025/03/29
RIDER_000351,Jessica,Mahomed,27615325834,Potchefstroom,North West,CREDIT_CARD,2024/07/21
RIDER_000352,Katlego,Dawood,27762202312,Gqeberha,Eastern Cape,EFT_OZOW,2023/12/06
RIDER_000353,Brandon,Molefe,27602180785,Potchefstroom,North West,CREDIT_CARD,2023/04/28
RIDER_000354,Stefan,Williams,27686177368,Durban,KwaZulu-Natal,IN_APP_WALLET,2023/03/08
RIDER_000355,Sbusiso,Naidoo,27756847104,Vanderbijlpark,Gauteng,DEBIT_CARD,2024/09/25
RIDER_000356,Lungile,Molefe,27613881791,Gqeberha,Eastern Cape,CASH,2023/10/25
RIDER_000357,Zanele,van der Merwe,27802111751,Durban,KwaZulu-Natal,EFT_OZOW,2024/10/18
RIDER_000358,Kabelo,Williams,27786556195,Durban,KwaZulu-Natal,DEBIT_CARD,2023/03/19
RIDER_000359,Chantelle,Coetzee,27679148189,Potchefstroom,North West,DEBIT_CARD,2023/08/09
RIDER_000360,Bradley,Singh,27786349818,Gqeberha,Eastern Cape,CREDIT_CARD,2024/03/03
RIDER_000361,Francois,Williams,27645507098,Durban,KwaZulu-Natal,IN_APP_WALLET,2023/11/07
RIDER_000362,Kiran,Ndlovu,27705480956,Vanderbijlpark,Gauteng,EFT_OZOW,2024/05/28
RIDER_000363,Bradley,Pillay,27719756569,Johannesburg,Gauteng,CASH,2024/03/23
RIDER_000364,Lungile,Walker,27659946051,Gqeberha,Eastern Cape,CASH,2023/11/27
RIDER_000365,Fatima,Nkosi,27768071905,Potchefstroom,North West,DEBIT_CARD,2023/09/25
RIDER_000366,David,Reddy,27624631712,Johannesburg,Gauteng,CASH,2024/05/21
RIDER_000367,Michael,Khumalo,27735808859,Potchefstroom,North West,DEBIT_CARD,2024/02/29
RIDER_000368,Samantha,Julies,27813023571,Gqeberha,Eastern Cape,CASH,2024/11/03
RIDER_000369,Ntsako,Nkosi,27742368350,Pretoria,Gauteng,CASH,2023/08/16
RIDER_000370,Kagiso,Hendricks,27688721132,Gqeberha,Eastern Cape,IN_APP_WALLET,2024/03/30
RIDER_000371,Palesa,Fortuin,27807780953,Cape Town,Western Cape,EFT_OZOW,2023/03/16
RIDER_000372,Lerato,Johnson,27835557458,Durban,KwaZulu-Natal,CREDIT_CARD,2024/06/16
RIDER_000373,Ayrton,Louw,27805242299,Cape Town,Western Cape,CREDIT_CARD,2025/05/02
RIDER_000374,Tamtyn,Davies,27734820157,Cape Town,Western Cape,CREDIT_CARD,2023/10/04
RIDER_000375,Kayla,Patel,27687763855,Pretoria,Gauteng,CREDIT_CARD,2024/06/07
RIDER_000376,Ayesha,Campbell,27728352867,Johannesburg,Gauteng,EFT_OZOW,2023/04/26
RIDER_000377,Mthokozisi,Smith,27827507400,Cape Town,Western Cape,IN_APP_WALLET,2023/10/31
RIDER_000378,Tebogo,Majozi,27604111929,Johannesburg,Gauteng,EFT_OZOW,2025/05/05
RIDER_000379,Chester,Harrison,27646572543,Vanderbijlpark,Gauteng,EFT_OZOW,2023/01/23
RIDER_000380,Tshepo,Pillay,27808815782,Potchefstroom,North West,EFT_OZOW,2025/04/03
RIDER_000381,Zaheer,Solomons,27629159097,Gqeberha,Eastern Cape,IN_APP_WALLET,2024/06/13
RIDER_000382,Amina,Petersen,27687754595,Durban,KwaZulu-Natal,CREDIT_CARD,2024/05/16
RIDER_000383,Priya,Julies,27806787992,Durban,KwaZulu-Natal,CASH,2024/05/17
RIDER_000384,Ashley,Mahomed,27607242646,Vanderbijlpark,Gauteng,CASH,2025/02/19
RIDER_000385,Sumaiya,du Plessis,27837894559,Vanderbijlpark,Gauteng,IN_APP_WALLET,2023/03/02
RIDER_000386,Chad,Adams,27766685663,Durban,KwaZulu-Natal,DEBIT_CARD,2023/03/13
RIDER_000387,Lesedi,Steyn,27846101443,Cape Town,Western Cape,EFT_OZOW,2024/04/11
RIDER_000388,Zubair,Moosa,27689736837,Johannesburg,Gauteng,DEBIT_CARD,2024/02/21
RIDER_000389,Anika,Mbalula,27663330367,Gqeberha,Eastern Cape,CREDIT_CARD,2023/03/15
RIDER_000390,Siyabonga,Singh,27653312179,Durban,KwaZulu-Natal,EFT_OZOW,2023/02/25
RIDER_000391,Francois,Cassim,27701525384,Pretoria,Gauteng,CASH,2024/06/27
RIDER_000392,Tariq,Hendricks,27749500674,Johannesburg,Gauteng,CASH,2024/12/11
RIDER_000393,Sarah,Bester,27782466360,Vanderbijlpark,Gauteng,CREDIT_CARD,2023/04/24
RIDER_000394,Samantha,Coetzee,27794587363,Potchefstroom,North West,EFT_OZOW,2023/07/15
RIDER_000395,Ayesha,Modise,27755706550,Pretoria,Gauteng,CASH,2025/02/25
RIDER_000396,Anika,Venter,27703002683,Johannesburg,Gauteng,CREDIT_CARD,2023/11/29
RIDER_000397,Nthabiseng,Adams,27809629835,Durban,KwaZulu-Natal,IN_APP_WALLET,2023/07/13
RIDER_000398,Megan,Abrahams,27846135049,Cape Town,Western Cape,IN_APP_WALLET,2023/03/19
RIDER_000399,Rohan,Pretorius,27644758185,Vanderbijlpark,Gauteng,CREDIT_CARD,2023/06/19
RIDER_000400,Johan,Pillay,27649186905,Potchefstroom,North West,IN_APP_WALLET,2023/04/28
RIDER_000401,Rethabile,Moosa,27685225083,Pretoria,Gauteng,CREDIT_CARD,2023/10/30
RIDER_000402,Nandipha,Ismail,27683901962,Pretoria,Gauteng,EFT_OZOW,2023/06/13
RIDER_000403,Nthabiseng,Makhanya,27694551421,Vanderbijlpark,Gauteng,DEBIT_CARD,2023/12/11
RIDER_000404,Siyabonga,Petersen,27844468772,Durban,KwaZulu-Natal,EFT_OZOW,2023/04/14
RIDER_000405,Willem,Miller,27755738704,Gqeberha,Eastern Cape,CASH,2023/03/17
RIDER_000406,Francois,Solomons,27727621795,Potchefstroom,North West,DEBIT_CARD,2025/05/20
RIDER_000407,Tariq,Nkosi,27647097759,Gqeberha,Eastern Cape,DEBIT_CARD,2023/01/25
RIDER_000408,Chantelle,Majozi,27727188428,Potchefstroom,North West,CREDIT_CARD,2023/03/22
RIDER_000409,Samantha,Smit,27726693367,Potchefstroom,North West,EFT_OZOW,2023/08/29
RIDER_000410,Tamtyn,Mthembu,27658925596,Vanderbijlpark,Gauteng,CREDIT_CARD,2023/02/19
RIDER_000411,Michael,Majozi,27777675551,Gqeberha,Eastern Cape,CASH,2025/01/28
RIDER_000412,Jacques,Mahomed,27606427121,Durban,KwaZulu-Natal,CASH,2023/04/06
RIDER_000413,Kiran,Fourie,27611295966,Potchefstroom,North West,CREDIT_CARD,2024/04/08
RIDER_000414,Jacques,Chetty,27707120965,Johannesburg,Gauteng,CASH,2024/04/05
RIDER_000415,Rethabile,van der Merwe,27665486331,Potchefstroom,North West,EFT_OZOW,2024/07/03
RIDER_000416,Rulani,Sithole,27843852651,Durban,KwaZulu-Natal,DEBIT_CARD,2024/02/14
RIDER_000417,Stefan,Kruger,27791559040,Gqeberha,Eastern Cape,EFT_OZOW,2024/08/25
RIDER_000418,Tebogo,Fourie,27679432345,Durban,KwaZulu-Natal,CASH,2023/08/02
RIDER_000419,Stefan,Dlamini,27828125380,Johannesburg,Gauteng,CREDIT_CARD,2024/09/23
RIDER_000420,Mthokozisi,Singh,27716453345,Pretoria,Gauteng,DEBIT_CARD,2025/06/13
RIDER_000421,Jacques,Joubert,27685754413,Vanderbijlpark,Gauteng,IN_APP_WALLET,2023/10/03
RIDER_000422,David,Mabena,27796361052,Vanderbijlpark,Gauteng,CASH,2024/09/27
RIDER_000423,Palesa,van der Merwe,27792455410,Gqeberha,Eastern Cape,IN_APP_WALLET,2023/02/16
RIDER_000424,Palesa,Padayachee,27624198176,Potchefstroom,North West,EFT_OZOW,2024/03/29
RIDER_000425,Lerato,Oosthuizen,27747112344,Pretoria,Gauteng,DEBIT_CARD,2025/05/31
RIDER_000426,Kiran,Dlamini,27709289237,Cape Town,Western Cape,EFT_OZOW,2025/02/19
RIDER_000427,Bongani,Walker,27832905142,Cape Town,Western Cape,EFT_OZOW,2023/08/11
RIDER_000428,Tariq,Reddy,27633438976,Potchefstroom,North West,CASH,2023/09/02
RIDER_000429,Cheslyn,Smit,27708937441,Durban,KwaZulu-Natal,CASH,2024/12/08
RIDER_000430,Priya,Zulu,27838897884,Pretoria,Gauteng,DEBIT_CARD,2023/01/28
RIDER_000431,Lerato,Sithole,27777443887,Durban,KwaZulu-Natal,DEBIT_CARD,2024/04/02
RIDER_000432,Tumelo,Ramaphosa,27735593431,Cape Town,Western Cape,CASH,2023/12/02
RIDER_000433,Amina,Brown,27678066682,Pretoria,Gauteng,EFT_OZOW,2025/03/03
RIDER_000434,Johan,Nel,27631769153,Johannesburg,Gauteng,CASH,2024/12/11
RIDER_000435,Sbusiso,Hendricks,27657799758,Gqeberha,Eastern Cape,CREDIT_CARD,2023/10/10
RIDER_000436,Lungile,van der Merwe,27702719022,Gqeberha,Eastern Cape,CASH,2023/06/03
RIDER_000437,Kevin,Harrison,27757692638,Johannesburg,Gauteng,IN_APP_WALLET,2025/01/28
RIDER_000438,Sarah,Tau,27731353349,Potchefstroom,North West,CASH,2024/07/29
RIDER_000439,Siyabonga,Isaacs,27766828297,Gqeberha,Eastern Cape,EFT_OZOW,2025/03/09
RIDER_000440,Palesa,Fortuin,27673644861,Durban,KwaZulu-Natal,EFT_OZOW,2024/09/02
RIDER_000441,Kagiso,Moosa,27751623518,Gqeberha,Eastern Cape,EFT_OZOW,2023/04/08
RIDER_000442,Siyabonga,Moosa,27709369798,Pretoria,Gauteng,CREDIT_CARD,2024/02/03
RIDER_000443,Bandile,Khan,27797347236,Johannesburg,Gauteng,IN_APP_WALLET,2024/01/30
RIDER_000444,Johan,Moosa,27798601202,Vanderbijlpark,Gauteng,EFT_OZOW,2023/09/04
RIDER_000445,Fatima,Jacobs,27782995190,Cape Town,Western Cape,IN_APP_WALLET,2025/01/23
RIDER_000446,Fatima,Mthembu,27665850602,Cape Town,Western Cape,DEBIT_CARD,2023/07/15
RIDER_000447,Suné,Ismail,27827355767,Cape Town,Western Cape,CREDIT_CARD,2023/07/04
RIDER_000448,Chester,Oosthuizen,27746606527,Cape Town,Western Cape,CASH,2025/02/02
RIDER_000449,Anika,Khoza,27705733369,Cape Town,Western Cape,IN_APP_WALLET,2024/05/02
RIDER_000450,Palesa,Venter,27804150414,Gqeberha,Eastern Cape,IN_APP_WALLET,2023/10/17
RIDER_000451,Rulani,Mahomed,27817529145,Potchefstroom,North West,DEBIT_CARD,2023/01/15
RIDER_000452,Jacques,Kruger,27722590785,Potchefstroom,North West,EFT_OZOW,2023/04/05
RIDER_000453,Suraj,Joubert,27662652458,Johannesburg,Gauteng,IN_APP_WALLET,2024/07/02
RIDER_000454,Bongani,Davies,27691126682,Pretoria,Gauteng,CASH,2024/08/12
RIDER_000455,Jessica,Venter,27652732021,Johannesburg,Gauteng,IN_APP_WALLET,2024/11/14
RIDER_000456,Kavita,Khumalo,27749422590,Durban,KwaZulu-Natal,CASH,2023/09/26
RIDER_000457,Katlego,Mabena,27744873557,Gqeberha,Eastern Cape,IN_APP_WALLET,2025/02/13
RIDER_000458,David,Modise,27659330143,Cape Town,Western Cape,DEBIT_CARD,2024/01/18
RIDER_000459,Francois,Mahomed,27702868510,Vanderbijlpark,Gauteng,IN_APP_WALLET,2023/11/14
RIDER_000460,Amina,Ramaphosa,27837967537,Potchefstroom,North West,CREDIT_CARD,2023/02/23
RIDER_000461,Lungile,Mthembu,27813947164,Johannesburg,Gauteng,IN_APP_WALLET,2024/02/03
RIDER_000462,Zaheer,Dawood,27668020871,Pretoria,Gauteng,IN_APP_WALLET,2024/11/03
RIDER_000463,Kevin,Mahomed,27799074836,Cape Town,Western Cape,CREDIT_CARD,2024/01/22
RIDER_000464,Kavita,Pretorius,27628201884,Durban,KwaZulu-Natal,CASH,2024/07/13
RIDER_000465,Nomvula,Petersen,27815680013,Durban,KwaZulu-Natal,CREDIT_CARD,2024/09/25
RIDER_000466,Monique,Nel,27838898395,Potchefstroom,North West,EFT_OZOW,2024/12/08
RIDER_000467,Rohan,Brown,27797296576,Potchefstroom,North West,DEBIT_CARD,2023/05/20
RIDER_000468,Sarah,Ndlovu,27615256081,Vanderbijlpark,Gauteng,IN_APP_WALLET,2023/04/27
RIDER_000469,Chester,Johnson,27801505294,Potchefstroom,North West,IN_APP_WALLET,2025/04/08
RIDER_000470,Tshepo,Padayachee,27796795865,Durban,KwaZulu-Natal,CASH,2023/02/06
RIDER_000471,Mpho,Adams,27685986894,Vanderbijlpark,Gauteng,CREDIT_CARD,2023/06/02
RIDER_000472,Tebogo,Khoza,27788109206,Vanderbijlpark,Gauteng,CREDIT_CARD,2024/05/04
RIDER_000473,Ntsako,Solomons,27736267984,Cape Town,Western Cape,DEBIT_CARD,2023/12/23
RIDER_000474,Monique,Mbalula,27698904465,Johannesburg,Gauteng,CREDIT_CARD,2024/06/24
RIDER_000475,Ayesha,Padayachee,27624942062,Potchefstroom,North West,IN_APP_WALLET,2023/12/12
RIDER_000476,Khensani,Hendricks,27822780612,Johannesburg,Gauteng,IN_APP_WALLET,2023/06/22
RIDER_000477,Lungile,Chetty,27824025521,Gqeberha,Eastern Cape,CASH,2024/08/03
RIDER_000478,Zola,Moosa,27801455428,Pretoria,Gauteng,IN_APP_WALLET,2024/07/19
RIDER_000479,Amina,Taylor,27705422585,Durban,KwaZulu-Natal,EFT_OZOW,2024/11/20
RIDER_000480,Simphiwe,Cupido,27815397389,Potchefstroom,North West,CASH,2023/05/11
RIDER_000481,Tebogo,Harrison,27605311550,Pretoria,Gauteng,DEBIT_CARD,2025/02/08
RIDER_000482,Thandeka,Singh,27731733751,Vanderbijlpark,Gauteng,CASH,2023/07/21
RIDER_000483,Nthabiseng,Cupido,27628432051,Vanderbijlpark,Gauteng,DEBIT_CARD,2025/03/24
RIDER_000484,Megan,Julies,27666684391,Johannesburg,Gauteng,IN_APP_WALLET,2024/06/11
RIDER_000485,Fatima,Coetzee,27621266873,Johannesburg,Gauteng,CASH,2024/06/02
RIDER_000486,Kabelo,Joubert,27704114666,Johannesburg,Gauteng,CASH,2024/05/04
RIDER_000487,Ayesha,Patel,27661625096,Durban,KwaZulu-Natal,CREDIT_CARD,2023/12/27
RIDER_000488,Lesedi,Hendricks,27808614099,Johannesburg,Gauteng,CASH,2024/04/07
RIDER_000489,Suraj,Solomons,27752383629,Vanderbijlpark,Gauteng,CREDIT_CARD,2024/12/09
RIDER_000490,Lerato,Jacobs,27631741328,Johannesburg,Gauteng,DEBIT_CARD,2023/07/24
RIDER_000491,Zanele,Nel,27618221682,Pretoria,Gauteng,CASH,2025/03/22
RIDER_000492,Amina,Adams,27623121072,Vanderbijlpark,Gauteng,DEBIT_CARD,2024/05/23
RIDER_000493,Devan,Botha,27779204581,Potchefstroom,North West,DEBIT_CARD,2023/02/07
RIDER_000494,Johan,Campbell,27674380820,Gqeberha,Eastern Cape,CREDIT_CARD,2024/02/15
RIDER_000495,Sumaiya,Cupido,27635408503,Johannesburg,Gauteng,CASH,2025/06/11
RIDER_000496,Palesa,Singh,27721266552,Pretoria,Gauteng,CREDIT_CARD,2023/04/04
RIDER_000497,Thandeka,Smit,27801838221,Pretoria,Gauteng,IN_APP_WALLET,2024/01/28
RIDER_000498,Zola,Majozi,27606468231,Cape Town,Western Cape,CASH,2024/08/01
RIDER_000499,Rulani,Tau,27773211477,Gqeberha,Eastern Cape,CASH,2025/04/26
RIDER_000500,Amina,Sithole,27625216368,Johannesburg,Gauteng,IN_APP_WALLET,2024/01/08
RIDER_000501,Brandon,Molefe,27648137982,Cape Town,Western Cape,CASH,2024/12/17
RIDER_000502,Khensani,Modise,27662674609,Pretoria,Gauteng,CREDIT_CARD,2023/10/05
RIDER_000503,Samantha,Coetzee,27614474843,Gqeberha,Eastern Cape,DEBIT_CARD,2025/03/19
RIDER_000504,Suraj,Julies,27673291404,Vanderbijlpark,Gauteng,IN_APP_WALLET,2023/04/11
RIDER_000505,Palesa,Nel,27783329693,Cape Town,Western Cape,EFT_OZOW,2023/12/03
RIDER_000506,Zanele,Sithole,27655935774,Johannesburg,Gauteng,EFT_OZOW,2023/07/09
RIDER_000507,Chantelle,Botha,27635661446,Vanderbijlpark,Gauteng,DEBIT_CARD,2023/05/04
RIDER_000508,Rulani,Davies,27758919412,Potchefstroom,North West,DEBIT_CARD,2023/04/17
RIDER_000509,Chester,Oosthuizen,27826576245,Johannesburg,Gauteng,IN_APP_WALLET,2025/01/29
RIDER_000510,Stacy,Khan,27636439867,Potchefstroom,North West,DEBIT_CARD,2023/02/24
RIDER_000511,Stefan,Patel,27642982204,Durban,KwaZulu-Natal,CREDIT_CARD,2025/02/28
RIDER_000512,Zola,Padayachee,27769159456,Johannesburg,Gauteng,DEBIT_CARD,2024/07/18
RIDER_000513,Francois,Steyn,27612793962,Gqeberha,Eastern Cape,CASH,2024/02/24
RIDER_000514,Lesedi,Chauke,27732852929,Cape Town,Western Cape,CREDIT_CARD,2025/05/21
RIDER_000515,Nomvula,Baloyi,27725454889,Pretoria,Gauteng,CASH,2023/12/25
RIDER_000516,Chester,Kruger,27802145489,Vanderbijlpark,Gauteng,EFT_OZOW,2023/12/05
RIDER_000517,Bongani,Fortuin,27844173048,Cape Town,Western Cape,CASH,2025/04/22
RIDER_000518,Nirav,Fourie,27836064588,Johannesburg,Gauteng,DEBIT_CARD,2024/10/15
RIDER_000519,Jacques,Molefe,27802713550,Durban,KwaZulu-Natal,EFT_OZOW,2023/01/04
RIDER_000520,Kagiso,Molefe,27689032792,Cape Town,Western Cape,EFT_OZOW,2023/09/26
RIDER_000521,Kayla,Ramaphosa,27615908190,Durban,KwaZulu-Natal,CREDIT_CARD,2025/02/23
RIDER_000522,Gareth,Molefe,27761384334,Vanderbijlpark,Gauteng,CASH,2024/11/22
RIDER_000523,Stefan,Zulu,27622743941,Pretoria,Gauteng,EFT_OZOW,2025/03/14
RIDER_000524,Suné,Majozi,27611703654,Cape Town,Western Cape,DEBIT_CARD,2024/10/19
RIDER_000525,Megan,Isaacs,27683597082,Vanderbijlpark,Gauteng,CREDIT_CARD,2023/07/26
RIDER_000526,Zanele,Cassim,27725794850,Vanderbijlpark,Gauteng,CREDIT_CARD,2024/01/08
RIDER_000527,Chantelle,Bester,27741390378,Pretoria,Gauteng,CASH,2023/08/25
RIDER_000528,Samantha,Miller,27723447377,Pretoria,Gauteng,CREDIT_CARD,2023/03/03
RIDER_000529,Nomvula,Khumalo,27778419564,Johannesburg,Gauteng,CASH,2023/08/19
RIDER_000530,Amina,Ndlovu,27841202879,Johannesburg,Gauteng,CREDIT_CARD,2023/12/19
RIDER_000531,Mpho,Adams,27792640383,Gqeberha,Eastern Cape,CREDIT_CARD,2023/04/09
RIDER_000532,Lungile,Abrahams,27638856107,Cape Town,Western Cape,DEBIT_CARD,2023/05/15
RIDER_000533,Suné,Williams,27781943444,Vanderbijlpark,Gauteng,CASH,2024/01/19
RIDER_000534,Stacy,Oosthuizen,27802477776,Pretoria,Gauteng,DEBIT_CARD,2023/04/04
RIDER_000535,Keanu,Mokoena,27603601969,Pretoria,Gauteng,IN_APP_WALLET,2023/10/02
RIDER_000536,Johan,Zulu,27802942969,Gqeberha,Eastern Cape,EFT_OZOW,2024/03/09
RIDER_000537,Elize,Nel,27721611181,Durban,KwaZulu-Natal,IN_APP_WALLET,2025/05/29
RIDER_000538,Bandile,Venter,27655462306,Cape Town,Western Cape,EFT_OZOW,2025/01/11
RIDER_000539,Bradley,Naidoo,27827988011,Potchefstroom,North West,IN_APP_WALLET,2024/08/10
RIDER_000540,Michael,Khoza,27745605991,Durban,KwaZulu-Natal,IN_APP_WALLET,2023/10/29
RIDER_000541,Simphiwe,Baloyi,27831676348,Pretoria,Gauteng,IN_APP_WALLET,2025/04/17
RIDER_000542,Simphiwe,Davies,27756431138,Cape Town,Western Cape,CASH,2024/11/29
RIDER_000543,Monique,Mthembu,27615155729,Johannesburg,Gauteng,CREDIT_CARD,2023/08/08
RIDER_000544,Jessica,Bezuidenhout,27784675691,Vanderbijlpark,Gauteng,CASH,2023/06/04
RIDER_000545,Ayesha,Harrison,27619235593,Durban,KwaZulu-Natal,IN_APP_WALLET,2024/03/31
RIDER_000546,Gareth,Bezuidenhout,27681287555,Pretoria,Gauteng,CASH,2023/05/06
RIDER_000547,Mpho,Petersen,27636701793,Vanderbijlpark,Gauteng,EFT_OZOW,2024/02/18
RIDER_000548,Luyanda,Zulu,27665570373,Vanderbijlpark,Gauteng,CREDIT_CARD,2024/04/27
RIDER_000549,Nomvula,van der Merwe,27641454767,Vanderbijlpark,Gauteng,EFT_OZOW,2025/01/07
RIDER_000550,Fatima,Mthembu,27677356975,Vanderbijlpark,Gauteng,DEBIT_CARD,2023/10/22
RIDER_000551,Jessica,Brown,27733523748,Potchefstroom,North West,IN_APP_WALLET,2024/05/28
RIDER_000552,Priya,Ramaphosa,27634501685,Vanderbijlpark,Gauteng,CREDIT_CARD,2024/01/18
RIDER_000553,Devan,Baloyi,27738728228,Johannesburg,Gauteng,IN_APP_WALLET,2025/04/17
RIDER_000554,Sipho,Harrison,27823425750,Vanderbijlpark,Gauteng,IN_APP_WALLET,2023/12/04
RIDER_000555,Zaheer,Sithole,27675025739,Johannesburg,Gauteng,IN_APP_WALLET,2024/08/11
RIDER_000556,Monique,Khan,27714244462,Gqeberha,Eastern Cape,EFT_OZOW,2024/02/11
RIDER_000557,Chester,Phakathi,27668963742,Vanderbijlpark,Gauteng,IN_APP_WALLET,2024/06/16
RIDER_000558,Chad,Venter,27693235223,Vanderbijlpark,Gauteng,IN_APP_WALLET,2023/12/11
RIDER_000559,Michael,Khan,27614481841,Potchefstroom,North West,CASH,2024/08/24
RIDER_000560,Zanele,Botha,27669247843,Cape Town,Western Cape,DEBIT_CARD,2025/01/17
RIDER_000561,Dylan,Chetty,27812262387,Gqeberha,Eastern Cape,DEBIT_CARD,2023/04/16
RIDER_000562,Nirav,Davies,27809151607,Cape Town,Western Cape,CREDIT_CARD,2023/02/17
RIDER_000563,Tebogo,Kruger,27792983108,Vanderbijlpark,Gauteng,EFT_OZOW,2024/06/09
RIDER_000564,Zubair,Isaacs,27716659149,Vanderbijlpark,Gauteng,DEBIT_CARD,2025/04/03
RIDER_000565,Lungile,Isaacs,27704152673,Potchefstroom,North West,EFT_OZOW,2023/12/07
RIDER_000566,Kiran,Pretorius,27824020799,Durban,KwaZulu-Natal,DEBIT_CARD,2025/06/16
RIDER_000567,Mpho,Chauke,27616714024,Cape Town,Western Cape,CREDIT_CARD,2024/11/08
RIDER_000568,Zaheer,Ndlovu,27823328330,Johannesburg,Gauteng,IN_APP_WALLET,2024/05/12
RIDER_000569,David,Majozi,27627899633,Potchefstroom,North West,DEBIT_CARD,2023/04/03
RIDER_000570,Dakalo,Ismail,27634931507,Vanderbijlpark,Gauteng,CASH,2025/04/30
RIDER_000571,Tamtyn,Davies,27827409818,Pretoria,Gauteng,CASH,2023/09/20
RIDER_000572,Brandon,Tau,27617038621,Potchefstroom,North West,CASH,2023/10/15
RIDER_000573,Gareth,Walker,27849425483,Durban,KwaZulu-Natal,IN_APP_WALLET,2023/10/01
RIDER_000574,Mthokozisi,Ramaphosa,27677513489,Gqeberha,Eastern Cape,CREDIT_CARD,2024/02/27
RIDER_000575,Lesedi,Miller,27767374971,Gqeberha,Eastern Cape,IN_APP_WALLET,2023/11/04
RIDER_000576,Gareth,Davies,27841187985,Gqeberha,Eastern Cape,IN_APP_WALLET,2025/02/23
RIDER_000577,Nthabiseng,Patel,27676179381,Johannesburg,Gauteng,EFT_OZOW,2025/03/14
RIDER_000578,Samantha,Julies,27724925449,Pretoria,Gauteng,IN_APP_WALLET,2025/02/01
RIDER_000579,Priya,Julies,27611850459,Gqeberha,Eastern Cape,IN_APP_WALLET,2023/11/15
RIDER_000580,Rohan,Joubert,27806904303,Johannesburg,Gauteng,EFT_OZOW,2024/03/16
RIDER_000581,Kiran,Naidoo,27647548680,Vanderbijlpark,Gauteng,EFT_OZOW,2023/05/05
RIDER_000582,Suraj,Cupido,27832400030,Gqeberha,Eastern Cape,DEBIT_CARD,2023/02/01
RIDER_000583,Johan,Nkosi,27799022951,Cape Town,Western Cape,CREDIT_CARD,2025/03/05
RIDER_000584,Kagiso,Ndlovu,27703484391,Johannesburg,Gauteng,CASH,2024/08/05
RIDER_000585,Nandipha,Dawood,27703050337,Johannesburg,Gauteng,CASH,2025/01/16
RIDER_000586,Monique,Oosthuizen,27604010882,Pretoria,Gauteng,CASH,2023/04/01
RIDER_000587,Cheslyn,Ndlovu,27691819027,Johannesburg,Gauteng,CASH,2024/05/15
RIDER_000588,Pieter,Brown,27699912870,Potchefstroom,North West,IN_APP_WALLET,2023/01/20
RIDER_000589,Thandeka,Chetty,27687670395,Cape Town,Western Cape,IN_APP_WALLET,2025/04/15
RIDER_000590,Kiran,Fourie,27639761050,Potchefstroom,North West,CASH,2024/01/04
RIDER_000591,Nomvula,Bezuidenhout,27704813811,Pretoria,Gauteng,CREDIT_CARD,2023/06/06
RIDER_000592,Chantelle,Taylor,27624134019,Vanderbijlpark,Gauteng,CREDIT_CARD,2025/03/24
RIDER_000593,Tariq,Williams,27607197229,Johannesburg,Gauteng,CASH,2023/10/08
RIDER_000594,Nirav,Tau,27605726798,Vanderbijlpark,Gauteng,DEBIT_CARD,2024/11/29
RIDER_000595,Johan,Ismail,27779183709,Johannesburg,Gauteng,EFT_OZOW,2024/10/06
RIDER_000596,Luyanda,Makhanya,27646284394,Johannesburg,Gauteng,CREDIT_CARD,2024/12/04
RIDER_000597,Stefan,Abrahams,27778772692,Potchefstroom,North West,EFT_OZOW,2024/11/24
RIDER_000598,Suraj,Govender,27845357467,Vanderbijlpark,Gauteng,CREDIT_CARD,2023/06/30
RIDER_000599,Megan,Bester,27637981593,Potchefstroom,North West,EFT_OZOW,2023/09/23
RIDER_000600,Devan,Fortuin,27718203905,Johannesburg,Gauteng,EFT_OZOW,2025/01/28
RIDER_000601,Kagiso,Louw,27618821129,Gqeberha,Eastern Cape,CASH,2024/06/10
RIDER_000602,Tamtyn,Mabena,27799202341,Durban,KwaZulu-Natal,EFT_OZOW,2023/12/16
RIDER_000603,Nandipha,Khumalo,27836984648,Johannesburg,Gauteng,CASH,2024/02/26
RIDER_000604,Monique,Cupido,27726610377,Vanderbijlpark,Gauteng,EFT_OZOW,2023/11/10
RIDER_000605,Kevin,Mabena,27786794632,Gqeberha,Eastern Cape,IN_APP_WALLET,2023/07/23
RIDER_000606,Khensani,Fortuin,27634317692,Potchefstroom,North West,DEBIT_CARD,2024/04/17
RIDER_000607,Francois,Pretorius,27772919938,Durban,KwaZulu-Natal,DEBIT_CARD,2024/09/21
RIDER_000608,Mulalo,Bezuidenhout,27747814960,Cape Town,Western Cape,EFT_OZOW,2024/07/04
RIDER_000609,Thabo,Bezuidenhout,27612941959,Cape Town,Western Cape,CASH,2024/06/08
RIDER_000610,Thandeka,Smit,27682070457,Cape Town,Western Cape,CASH,2025/02/15
RIDER_000611,Johan,Oosthuizen,27761531080,Cape Town,Western Cape,DEBIT_CARD,2023/07/04
RIDER_000612,Amina,Mthembu,27739400945,Potchefstroom,North West,DEBIT_CARD,2023/09/30
RIDER_000613,Zola,Zulu,27673913549,Potchefstroom,North West,IN_APP_WALLET,2023/03/27
RIDER_000614,Mthokozisi,Bester,27655380886,Durban,KwaZulu-Natal,DEBIT_CARD,2025/05/18
RIDER_000615,Tebogo,Fortuin,27827587350,Gqeberha,Eastern Cape,EFT_OZOW,2024/03/05
RIDER_000616,Zanele,Joubert,27807500445,Cape Town,Western Cape,CASH,2023/05/14
RIDER_000617,Kavita,Zulu,27719212364,Gqeberha,Eastern Cape,CASH,2023/11/29
RIDER_000618,Thabo,Solomons,27626673330,Vanderbijlpark,Gauteng,CREDIT_CARD,2024/05/22
RIDER_000619,Rethabile,Majozi,27673073895,Pretoria,Gauteng,CREDIT_CARD,2023/07/28
RIDER_000620,Amina,Mbalula,27841809458,Johannesburg,Gauteng,CASH,2024/05/11
RIDER_000621,Dakalo,Hendricks,27638072542,Potchefstroom,North West,IN_APP_WALLET,2024/07/16
RIDER_000622,Bandile,Bezuidenhout,27786797917,Pretoria,Gauteng,CREDIT_CARD,2024/09/17
RIDER_000623,Nthabiseng,Kruger,27813935061,Potchefstroom,North West,DEBIT_CARD,2023/01/27
RIDER_000624,Thabo,Walker,27692104043,Vanderbijlpark,Gauteng,EFT_OZOW,2024/04/07
RIDER_000625,Tumelo,Naidoo,27793833149,Gqeberha,Eastern Cape,EFT_OZOW,2025/01/06
RIDER_000626,Brandon,Nel,27623839828,Vanderbijlpark,Gauteng,CREDIT_CARD,2025/03/23
RIDER_000627,Ayesha,Abrahams,27783957517,Pretoria,Gauteng,IN_APP_WALLET,2023/06/29
RIDER_000628,Bongani,Modise,27629236565,Cape Town,Western Cape,IN_APP_WALLET,2024/12/12
RIDER_000629,Anika,Kruger,27737194028,Gqeberha,Eastern Cape,CREDIT_CARD,2023/06/23
RIDER_000630,Lesedi,Botha,27719215270,Gqeberha,Eastern Cape,EFT_OZOW,2023/03/01
RIDER_000631,Thandeka,Dawood,27677493481,Durban,KwaZulu-Natal,DEBIT_CARD,2023/04/06
RIDER_000632,Dakalo,Khoza,27846728633,Durban,KwaZulu-Natal,CASH,2023/09/23
RIDER_000633,Devan,Mokoena,27839985196,Durban,KwaZulu-Natal,CREDIT_CARD,2024/10/26
RIDER_000634,Khotso,Coetzee,27833711198,Potchefstroom,North West,DEBIT_CARD,2023/07/11
RIDER_000635,Johan,Davies,27736441107,Gqeberha,Eastern Cape,CREDIT_CARD,2023/11/19
RIDER_000636,Tumelo,Steyn,27693494203,Vanderbijlpark,Gauteng,CASH,2023/09/13
RIDER_000637,Rethabile,Dlamini,27636058282,Johannesburg,Gauteng,CREDIT_CARD,2023/05/25
RIDER_000638,Johan,Venter,27652541726,Durban,KwaZulu-Natal,CASH,2023/10/13
RIDER_000639,Kevin,Harrison,27664151434,Vanderbijlpark,Gauteng,EFT_OZOW,2023/05/27
RIDER_000640,Tshepo,Petersen,27679194270,Pretoria,Gauteng,IN_APP_WALLET,2023/11/04
RIDER_000641,Suraj,Pillay,27612376907,Potchefstroom,North West,DEBIT_CARD,2023/07/03
RIDER_000642,Mthokozisi,Phakathi,27659479598,Durban,KwaZulu-Natal,CASH,2024/08/24
RIDER_000643,Bongani,Cassim,27814541005,Durban,KwaZulu-Natal,CREDIT_CARD,2023/09/18
RIDER_000644,Francois,Botha,27671662760,Cape Town,Western Cape,DEBIT_CARD,2023/12/17
RIDER_000645,Lerato,Julies,27706494389,Durban,KwaZulu-Natal,CASH,2024/03/28
RIDER_000646,Nandipha,Julies,27696982922,Durban,KwaZulu-Natal,CASH,2023/09/08
RIDER_000647,Nirav,Joubert,27791459050,Pretoria,Gauteng,EFT_OZOW,2025/04/04
RIDER_000648,Nomvula,Moodley,27696203391,Vanderbijlpark,Gauteng,CREDIT_CARD,2025/01/01
RIDER_000649,Rethabile,Ndlovu,27748192319,Pretoria,Gauteng,CASH,2024/10/17
RIDER_000650,Samantha,Kruger,27721823229,Pretoria,Gauteng,CASH,2024/06/24
RIDER_000651,Stacy,Padayachee,27629045108,Durban,KwaZulu-Natal,EFT_OZOW,2023/09/28
RIDER_000652,Johan,Mabena,27795755433,Johannesburg,Gauteng,IN_APP_WALLET,2023/02/23
RIDER_000653,Jessica,Smith,27647995028,Cape Town,Western Cape,EFT_OZOW,2023/03/28
RIDER_000654,Amina,du Plessis,27715034819,Gqeberha,Eastern Cape,CREDIT_CARD,2025/03/18
RIDER_000655,Nomvula,Singh,27703009833,Cape Town,Western Cape,CREDIT_CARD,2025/02/12
RIDER_000656,Stefan,Sithole,27808221869,Potchefstroom,North West,CREDIT_CARD,2023/06/22
RIDER_000657,Tumelo,Venter,27632074048,Johannesburg,Gauteng,CREDIT_CARD,2023/09/25
RIDER_000658,Dakalo,Taylor,27846453172,Vanderbijlpark,Gauteng,EFT_OZOW,2025/02/09
RIDER_000659,Zubair,Khoza,27772152391,Durban,KwaZulu-Natal,IN_APP_WALLET,2023/10/27
RIDER_000660,Nthabiseng,Fourie,27607659399,Cape Town,Western Cape,EFT_OZOW,2025/06/18
RIDER_000661,Nthabiseng,van der Merwe,27789553506,Vanderbijlpark,Gauteng,CASH,2023/09/22
RIDER_000662,Bradley,Miller,27804970532,Vanderbijlpark,Gauteng,IN_APP_WALLET,2023/01/05
RIDER_000663,Lerato,Ndlovu,27723575943,Vanderbijlpark,Gauteng,CREDIT_CARD,2023/04/07
RIDER_000664,Stacy,Chauke,27692691942,Pretoria,Gauteng,DEBIT_CARD,2025/04/30
RIDER_000665,Khotso,Campbell,27612188502,Pretoria,Gauteng,IN_APP_WALLET,2024/06/15
RIDER_000666,Khotso,Chetty,27805190767,Pretoria,Gauteng,DEBIT_CARD,2024/12/25
RIDER_000667,Megan,Cassim,27807594585,Potchefstroom,North West,CASH,2025/05/15
RIDER_000668,Kabelo,Bester,27722262718,Durban,KwaZulu-Natal,DEBIT_CARD,2025/06/19
RIDER_000669,Tshepo,Khumalo,27758343559,Vanderbijlpark,Gauteng,EFT_OZOW,2023/09/26
RIDER_000670,Bradley,Campbell,27709328907,Johannesburg,Gauteng,DEBIT_CARD,2024/06/03
RIDER_000671,Anika,Abrahams,27728325134,Vanderbijlpark,Gauteng,IN_APP_WALLET,2024/03/25
RIDER_000672,Rulani,Smith,27689493004,Cape Town,Western Cape,EFT_OZOW,2023/05/05
RIDER_000673,Tebogo,Nel,27784691991,Johannesburg,Gauteng,CASH,2025/02/25
RIDER_000674,Luyanda,Julies,27808068419,Gqeberha,Eastern Cape,DEBIT_CARD,2025/03/29
RIDER_000675,Chantelle,Williams,27735272268,Vanderbijlpark,Gauteng,CASH,2025/05/21
RIDER_000676,Katlego,Coetzee,27785954031,Pretoria,Gauteng,DEBIT_CARD,2025/01/14
RIDER_000677,Ntsako,Sithole,27686142818,Johannesburg,Gauteng,CREDIT_CARD,2025/05/04
RIDER_000678,Amina,Oosthuizen,27719163098,Potchefstroom,North West,DEBIT_CARD,2023/01/15
RIDER_000679,Bandile,Mokoena,27624634203,Cape Town,Western Cape,IN_APP_WALLET,2023/06/24
RIDER_000680,Sipho,Pretorius,27841639441,Cape Town,Western Cape,CASH,2024/01/24
RIDER_000681,Luyanda,Isaacs,27737995248,Potchefstroom,North West,EFT_OZOW,2023/11/13
RIDER_000682,Suné,Campbell,27844320807,Johannesburg,Gauteng,IN_APP_WALLET,2025/03/24
RIDER_000683,Katlego,Harrison,27694096542,Potchefstroom,North West,IN_APP_WALLET,2023/11/02
RIDER_000684,Yusuf,Solomons,27723865544,Johannesburg,Gauteng,CREDIT_CARD,2024/11/09
RIDER_000685,Chantelle,Bester,27752651524,Vanderbijlpark,Gauteng,DEBIT_CARD,2024/10/16
RIDER_000686,Chantelle,Khan,27643403309,Cape Town,Western Cape,CREDIT_CARD,2023/02/05
RIDER_000687,Simphiwe,Petersen,27709842928,Pretoria,Gauteng,EFT_OZOW,2025/06/06
RIDER_000688,Siyabonga,Mokoena,27763261784,Vanderbijlpark,Gauteng,EFT_OZOW,2023/09/08
RIDER_000689,Suné,Kruger,27815019913,Pretoria,Gauteng,CASH,2023/10/28
RIDER_000690,Zola,Taylor,27737266525,Durban,KwaZulu-Natal,DEBIT_CARD,2023/12/06
RIDER_000691,Katlego,Coetzee,27684932571,Durban,KwaZulu-Natal,IN_APP_WALLET,2023/08/16
RIDER_000692,Cheslyn,Johnson,27848931941,Johannesburg,Gauteng,IN_APP_WALLET,2024/10/31
RIDER_000693,Nirav,Kruger,27655694586,Gqeberha,Eastern Cape,EFT_OZOW,2023/03/09
RIDER_000694,Yusuf,Fortuin,27822356785,Vanderbijlpark,Gauteng,EFT_OZOW,2023/03/08
RIDER_000695,Sipho,Khan,27679229516,Durban,KwaZulu-Natal,IN_APP_WALLET,2023/04/30
RIDER_000696,Rohan,Phakathi,27796099393,Johannesburg,Gauteng,DEBIT_CARD,2024/01/14
RIDER_000697,Khensani,Fourie,27667144877,Cape Town,Western Cape,CASH,2023/12/21
RIDER_000698,Brandon,Smit,27608761076,Vanderbijlpark,Gauteng,DEBIT_CARD,2025/05/16
RIDER_000699,Zaheer,Kruger,27703282931,Pretoria,Gauteng,IN_APP_WALLET,2023/02/26
RIDER_000700,Tamtyn,Fourie,27656685840,Pretoria,Gauteng,EFT_OZOW,2023/07/23
RIDER_000701,Elize,Baloyi,27704622636,Durban,KwaZulu-Natal,CASH,2024/06/30
RIDER_000702,Lungile,Petersen,27735478155,Gqeberha,Eastern Cape,IN_APP_WALLET,2023/11/13
RIDER_000703,Tebogo,Cupido,27786205234,Potchefstroom,North West,DEBIT_CARD,2024/08/16
RIDER_000704,Kavita,Louw,27674160281,Durban,KwaZulu-Natal,IN_APP_WALLET,2024/03/09
RIDER_000705,Lerato,van der Merwe,27643830733,Pretoria,Gauteng,CREDIT_CARD,2023/02/06
RIDER_000706,Khotso,Abrahams,27772349000,Gqeberha,Eastern Cape,CASH,2023/11/03
RIDER_000707,Sumaiya,Pillay,27615918076,Cape Town,Western Cape,DEBIT_CARD,2023/04/03
RIDER_000708,Lerato,du Plessis,27748794178,Potchefstroom,North West,EFT_OZOW,2024/01/08
RIDER_000709,Tariq,Oosthuizen,27783404516,Durban,KwaZulu-Natal,IN_APP_WALLET,2023/03/08
RIDER_000710,Nandipha,Baloyi,27818568705,Johannesburg,Gauteng,CREDIT_CARD,2025/03/24
RIDER_000711,Chad,Brown,27817851650,Vanderbijlpark,Gauteng,EFT_OZOW,2024/12/31
RIDER_000712,Sarah,Mbalula,27691210472,Pretoria,Gauteng,IN_APP_WALLET,2023/03/11
RIDER_000713,Priya,Majozi,27713175401,Durban,KwaZulu-Natal,CASH,2023/01/31
RIDER_000714,Chad,Ismail,27671143150,Cape Town,Western Cape,DEBIT_CARD,2024/05/19
RIDER_000715,Chad,Steyn,27704602710,Vanderbijlpark,Gauteng,EFT_OZOW,2023/03/28
RIDER_000716,Michael,Jacobs,27842349372,Johannesburg,Gauteng,DEBIT_CARD,2023/10/21
RIDER_000717,Zubair,Mbalula,27672085543,Johannesburg,Gauteng,DEBIT_CARD,2024/03/04
RIDER_000718,Mthokozisi,Brown,27794801594,Potchefstroom,North West,DEBIT_CARD,2024/05/13
RIDER_000719,Samantha,Mokoena,27661911324,Durban,KwaZulu-Natal,EFT_OZOW,2024/12/02
RIDER_000720,Sarah,Singh,27724714239,Gqeberha,Eastern Cape,DEBIT_CARD,2024/04/24
RIDER_000721,Michael,Adams,27778952743,Vanderbijlpark,Gauteng,CREDIT_CARD,2023/06/02
RIDER_000722,Suné,Tau,27682446824,Durban,KwaZulu-Natal,DEBIT_CARD,2023/06/03
RIDER_000723,Johan,Jacobs,27666039683,Potchefstroom,North West,CREDIT_CARD,2024/10/08
RIDER_000724,Yusuf,du Plessis,27693204609,Cape Town,Western Cape,CASH,2023/04/08
RIDER_000725,Johan,Moodley,27764092872,Vanderbijlpark,Gauteng,IN_APP_WALLET,2024/05/31
RIDER_000726,Rethabile,Pillay,27715849489,Gqeberha,Eastern Cape,CREDIT_CARD,2024/01/19
RIDER_000727,Zaheer,Nel,27755403675,Pretoria,Gauteng,CREDIT_CARD,2024/11/18
RIDER_000728,Lungile,Taylor,27615907528,Johannesburg,Gauteng,CASH,2023/02/27
RIDER_000729,Amina,Smith,27632536464,Gqeberha,Eastern Cape,DEBIT_CARD,2024/08/15
RIDER_000730,Pieter,Molefe,27701397419,Cape Town,Western Cape,CASH,2025/06/15
RIDER_000731,Bandile,Adams,27802249683,Johannesburg,Gauteng,CASH,2023/04/14
RIDER_000732,Priya,Padayachee,27701615824,Gqeberha,Eastern Cape,CREDIT_CARD,2023/09/25
RIDER_000733,Keanu,Taylor,27656755522,Vanderbijlpark,Gauteng,CASH,2023/05/29
RIDER_000734,Ashley,Steyn,27637989091,Gqeberha,Eastern Cape,EFT_OZOW,2023/08/09
RIDER_000735,Rohan,Mthembu,27849979395,Gqeberha,Eastern Cape,DEBIT_CARD,2024/08/21
RIDER_000736,Fatima,Taylor,27773396369,Potchefstroom,North West,EFT_OZOW,2023/11/26
RIDER_000737,Zaheer,Smit,27806823614,Gqeberha,Eastern Cape,EFT_OZOW,2023/10/29
RIDER_000738,Amina,Mthembu,27843637796,Potchefstroom,North West,IN_APP_WALLET,2023/12/07
RIDER_000739,Ntsako,Ramaphosa,27686585374,Vanderbijlpark,Gauteng,CREDIT_CARD,2024/01/15
RIDER_000740,Zubair,Chetty,27615686716,Vanderbijlpark,Gauteng,EFT_OZOW,2024/01/24
RIDER_000741,Rethabile,Hendricks,27746823940,Vanderbijlpark,Gauteng,CREDIT_CARD,2023/12/25
RIDER_000742,Keanu,Bester,27825537426,Johannesburg,Gauteng,IN_APP_WALLET,2023/07/01
RIDER_000743,Priya,Isaacs,27714757183,Cape Town,Western Cape,DEBIT_CARD,2023/06/04
RIDER_000744,Brandon,Campbell,27634867572,Potchefstroom,North West,CASH,2023/01/27
RIDER_000745,Jacques,Bester,27654670299,Durban,KwaZulu-Natal,EFT_OZOW,2024/04/14
RIDER_000746,Palesa,Pillay,27714809073,Pretoria,Gauteng,CASH,2023/08/12
RIDER_000747,Simphiwe,Naidoo,27701773678,Johannesburg,Gauteng,DEBIT_CARD,2025/02/19
RIDER_000748,Simphiwe,Adams,27758460300,Pretoria,Gauteng,EFT_OZOW,2024/04/05
RIDER_000749,Stefan,Reddy,27717161086,Cape Town,Western Cape,CASH,2024/04/13
RIDER_000750,Tebogo,Botha,27816938801,Gqeberha,Eastern Cape,IN_APP_WALLET,2025/01/01
RIDER_000751,Lungile,Mabena,27768465877,Cape Town,Western Cape,EFT_OZOW,2024/10/22
RIDER_000752,Amina,Khumalo,27623163279,Potchefstroom,North West,CASH,2025/03/15
RIDER_000753,Khotso,du Plessis,27834340423,Johannesburg,Gauteng,CASH,2023/04/18
RIDER_000754,Kavita,Govender,27778487392,Cape Town,Western Cape,CASH,2024/01/07
RIDER_000755,Samantha,Miller,27801439465,Gqeberha,Eastern Cape,CREDIT_CARD,2023/03/27
RIDER_000756,David,du Plessis,27789048305,Durban,KwaZulu-Natal,IN_APP_WALLET,2024/09/15
RIDER_000757,Dylan,Modise,27832894388,Gqeberha,Eastern Cape,EFT_OZOW,2023/03/28
RIDER_000758,Ayrton,Coetzee,27744433505,Gqeberha,Eastern Cape,CREDIT_CARD,2024/10/05
RIDER_000759,Mulalo,Khoza,27843070137,Vanderbijlpark,Gauteng,DEBIT_CARD,2023/02/11
RIDER_000760,Rohan,Chauke,27759955327,Vanderbijlpark,Gauteng,IN_APP_WALLET,2024/01/12
RIDER_000761,Kevin,Baloyi,27611869909,Gqeberha,Eastern Cape,IN_APP_WALLET,2024/03/15
RIDER_000762,Katlego,Oosthuizen,27696270353,Pretoria,Gauteng,CASH,2023/03/22
RIDER_000763,Lesedi,Moosa,27843638319,Potchefstroom,North West,CREDIT_CARD,2023/07/16
RIDER_000764,Simphiwe,Oosthuizen,27646558727,Johannesburg,Gauteng,IN_APP_WALLET,2023/02/18
RIDER_000765,Ayesha,Williams,27608909609,Durban,KwaZulu-Natal,CASH,2023/01/17
RIDER_000766,Chester,Bester,27659644404,Cape Town,Western Cape,DEBIT_CARD,2025/06/14
RIDER_000767,Suné,Moosa,27644446344,Durban,KwaZulu-Natal,EFT_OZOW,2024/05/17
RIDER_000768,Mulalo,Mabena,27642197640,Pretoria,Gauteng,EFT_OZOW,2024/02/10
RIDER_000769,Luyanda,du Plessis,27681205765,Johannesburg,Gauteng,CASH,2023/12/31
RIDER_000770,Megan,Patel,27739667543,Cape Town,Western Cape,EFT_OZOW,2024/01/09
RIDER_000771,Amina,Mthembu,27807407617,Vanderbijlpark,Gauteng,IN_APP_WALLET,2024/03/25
RIDER_000772,Kagiso,Campbell,27747734988,Durban,KwaZulu-Natal,CASH,2023/04/25
RIDER_000773,Nandipha,Sithole,27666193872,Durban,KwaZulu-Natal,EFT_OZOW,2025/04/15
RIDER_000774,Priya,Moodley,27843184092,Durban,KwaZulu-Natal,CASH,2024/03/07
RIDER_000775,Monique,Baloyi,27712603461,Gqeberha,Eastern Cape,IN_APP_WALLET,2023/11/23
RIDER_000776,Rohan,Walker,27743899158,Johannesburg,Gauteng,CREDIT_CARD,2024/02/03
RIDER_000777,Khotso,Brown,27667929755,Potchefstroom,North West,IN_APP_WALLET,2024/04/24
RIDER_000778,Elize,Nel,27751548648,Vanderbijlpark,Gauteng,EFT_OZOW,2024/03/15
RIDER_000779,Rethabile,Cupido,27641669167,Cape Town,Western Cape,CASH,2024/05/11
RIDER_000780,Yusuf,Molefe,27749307864,Pretoria,Gauteng,IN_APP_WALLET,2024/12/18
RIDER_000781,Mpho,Hendricks,27645243121,Johannesburg,Gauteng,IN_APP_WALLET,2023/07/20
RIDER_000782,Fatima,Bester,27678440108,Cape Town,Western Cape,EFT_OZOW,2024/10/17
RIDER_000783,Suné,Venter,27605348434,Potchefstroom,North West,DEBIT_CARD,2024/05/03
RIDER_000784,Mthokozisi,Mbalula,27784056098,Cape Town,Western Cape,DEBIT_CARD,2025/04/08
RIDER_000785,Johan,Khoza,27604273266,Cape Town,Western Cape,CASH,2023/04/03
RIDER_000786,Bongani,Johnson,27666908518,Cape Town,Western Cape,CASH,2024/02/02
RIDER_000787,Mulalo,Petersen,27843214367,Durban,KwaZulu-Natal,CREDIT_CARD,2024/07/11
RIDER_000788,Luyanda,Mabena,27823408308,Johannesburg,Gauteng,CASH,2025/06/18
RIDER_000789,Sipho,Moodley,27836992997,Johannesburg,Gauteng,DEBIT_CARD,2024/11/27
RIDER_000790,Cheslyn,Ramaphosa,27771127014,Johannesburg,Gauteng,EFT_OZOW,2024/05/29
RIDER_000791,Willem,Phakathi,27632637263,Cape Town,Western Cape,CASH,2023/06/01
RIDER_000792,Mulalo,Davies,27655041577,Cape Town,Western Cape,CREDIT_CARD,2025/02/25
RIDER_000793,Kabelo,Reddy,27785579653,Durban,KwaZulu-Natal,CREDIT_CARD,2024/04/30
RIDER_000794,Amina,Smith,27641618814,Pretoria,Gauteng,IN_APP_WALLET,2023/04/08
RIDER_000795,Brandon,Ismail,27747245337,Cape Town,Western Cape,DEBIT_CARD,2025/03/23
RIDER_000796,Jessica,Zulu,27732605639,Potchefstroom,North West,IN_APP_WALLET,2024/11/04
RIDER_000797,Johan,Nkosi,27626472883,Cape Town,Western Cape,IN_APP_WALLET,2024/05/14
RIDER_000798,Bradley,Louw,27822631059,Potchefstroom,North West,CREDIT_CARD,2025/03/18
RIDER_000799,Sarah,Khoza,27647335138,Vanderbijlpark,Gauteng,DEBIT_CARD,2025/01/12
RIDER_000800,Dakalo,Padayachee,27704921815,Durban,KwaZulu-Natal,DEBIT_CARD,2024/07/08
RIDER_000801,Zubair,Campbell,27643110315,Gqeberha,Eastern Cape,EFT_OZOW,2025/04/23
RIDER_000802,Tariq,Singh,27758905507,Johannesburg,Gauteng,DEBIT_CARD,2024/07/23
RIDER_000803,Khensani,Tau,27617634061,Durban,KwaZulu-Natal,DEBIT_CARD,2023/02/09
RIDER_000804,Ntsako,Kruger,27705471412,Vanderbijlpark,Gauteng,IN_APP_WALLET,2023/04/20
RIDER_000805,Luyanda,Makhanya,27802232395,Gqeberha,Eastern Cape,DEBIT_CARD,2023/12/28
RIDER_000806,Zaheer,Joubert,27721125262,Gqeberha,Eastern Cape,IN_APP_WALLET,2024/12/08
RIDER_000807,David,Taylor,27652496893,Pretoria,Gauteng,DEBIT_CARD,2023/01/09
RIDER_000808,Nandipha,Cupido,27664494055,Durban,KwaZulu-Natal,DEBIT_CARD,2023/05/15
RIDER_000809,Ayrton,Govender,27849004420,Pretoria,Gauteng,CREDIT_CARD,2024/04/25
RIDER_000810,Anika,Steyn,27612587316,Gqeberha,Eastern Cape,EFT_OZOW,2024/05/03
RIDER_000811,Suné,Adams,27603784956,Durban,KwaZulu-Natal,EFT_OZOW,2024/11/07
RIDER_000812,Anika,Sithole,27605792816,Potchefstroom,North West,EFT_OZOW,2023/07/03
RIDER_000813,Rulani,Cupido,27839541384,Gqeberha,Eastern Cape,IN_APP_WALLET,2025/02/24
RIDER_000814,Priya,Moodley,27675843010,Cape Town,Western Cape,CREDIT_CARD,2024/03/18
RIDER_000815,Ayrton,Khan,27688785984,Johannesburg,Gauteng,DEBIT_CARD,2024/06/12
RIDER_000816,Thabo,Sithole,27713392385,Cape Town,Western Cape,CASH,2024/03/18
RIDER_000817,Ayesha,Khumalo,27767190950,Vanderbijlpark,Gauteng,DEBIT_CARD,2024/08/26
RIDER_000818,Chantelle,Makhanya,27826581293,Vanderbijlpark,Gauteng,DEBIT_CARD,2024/10/24
RIDER_000819,Dakalo,Molefe,27775083335,Cape Town,Western Cape,IN_APP_WALLET,2023/03/24
RIDER_000820,Lesedi,Oosthuizen,27834956204,Johannesburg,Gauteng,DEBIT_CARD,2023/01/26
RIDER_000821,Bandile,Chauke,27737575678,Cape Town,Western Cape,CASH,2024/10/15
RIDER_000822,Rohan,Coetzee,27738266381,Vanderbijlpark,Gauteng,CREDIT_CARD,2023/07/27
RIDER_000823,Pieter,Mokoena,27721277076,Durban,KwaZulu-Natal,EFT_OZOW,2023/01/13
RIDER_000824,Ayrton,Louw,27646318438,Vanderbijlpark,Gauteng,EFT_OZOW,2023/05/22
RIDER_000825,Francois,Fortuin,27625230734,Cape Town,Western Cape,IN_APP_WALLET,2025/01/16
RIDER_000826,Yusuf,Louw,27835949440,Potchefstroom,North West,DEBIT_CARD,2025/03/04
RIDER_000827,Bradley,Cassim,27747411281,Vanderbijlpark,Gauteng,EFT_OZOW,2024/01/15
RIDER_000828,Mpho,Harrison,27614504052,Durban,KwaZulu-Natal,CASH,2024/12/25
RIDER_000829,Megan,Chauke,27831419142,Johannesburg,Gauteng,EFT_OZOW,2024/08/20
RIDER_000830,Suraj,Adams,27762945648,Vanderbijlpark,Gauteng,CREDIT_CARD,2023/12/05
RIDER_000831,Michael,Padayachee,27617024856,Durban,KwaZulu-Natal,DEBIT_CARD,2023/06/02
RIDER_000832,Lungile,Dawood,27801720945,Vanderbijlpark,Gauteng,CASH,2025/06/09
RIDER_000833,Zanele,Tau,27735368615,Potchefstroom,North West,CASH,2024/09/11
RIDER_000834,Chantelle,Baloyi,27696925374,Vanderbijlpark,Gauteng,CREDIT_CARD,2023/12/11
RIDER_000835,Gareth,Venter,27615161056,Vanderbijlpark,Gauteng,DEBIT_CARD,2023/01/28
RIDER_000836,Palesa,Botha,27764478168,Gqeberha,Eastern Cape,DEBIT_CARD,2024/03/22
RIDER_000837,Kevin,Moosa,27718814932,Gqeberha,Eastern Cape,EFT_OZOW,2024/05/26
RIDER_000838,Mulalo,Cassim,27792875837,Gqeberha,Eastern Cape,CREDIT_CARD,2023/05/20
RIDER_000839,Sarah,Tau,27639159270,Pretoria,Gauteng,CREDIT_CARD,2025/05/01
RIDER_000840,Fatima,Naidoo,27725320123,Potchefstroom,North West,CASH,2024/10/14
RIDER_000841,Khensani,Chauke,27709560150,Durban,KwaZulu-Natal,IN_APP_WALLET,2024/09/15
RIDER_000842,Suné,Venter,27756673143,Johannesburg,Gauteng,IN_APP_WALLET,2024/04/09
RIDER_000843,Rethabile,Ramaphosa,27689066916,Durban,KwaZulu-Natal,CASH,2023/02/01
RIDER_000844,Sbusiso,Petersen,27612476168,Cape Town,Western Cape,CREDIT_CARD,2023/07/11
RIDER_000845,Chester,Joubert,27632852713,Johannesburg,Gauteng,CASH,2024/11/26
RIDER_000846,Zanele,Johnson,27813252751,Gqeberha,Eastern Cape,DEBIT_CARD,2024/11/26
RIDER_000847,Devan,Makhanya,27807580536,Gqeberha,Eastern Cape,CASH,2023/11/07
RIDER_000848,Priya,Mabena,27704462461,Potchefstroom,North West,DEBIT_CARD,2023/08/29
RIDER_000849,Khotso,Dawood,27785746106,Gqeberha,Eastern Cape,IN_APP_WALLET,2023/10/01
RIDER_000850,Suné,Hendricks,27768218919,Vanderbijlpark,Gauteng,CREDIT_CARD,2024/10/22
RIDER_000851,Khensani,Reddy,27843738288,Durban,KwaZulu-Natal,EFT_OZOW,2025/01/10
RIDER_000852,Tshepo,Khoza,27765948924,Cape Town,Western Cape,DEBIT_CARD,2024/10/04
RIDER_000853,Ashley,Nkosi,27711756551,Durban,KwaZulu-Natal,EFT_OZOW,2024/03/01
RIDER_000854,Zaheer,Phakathi,27635767368,Johannesburg,Gauteng,EFT_OZOW,2024/03/08
RIDER_000855,Michael,Williams,27618746752,Potchefstroom,North West,EFT_OZOW,2023/07/11
RIDER_000856,Zola,Smit,27837000689,Johannesburg,Gauteng,EFT_OZOW,2023/03/13
RIDER_000857,Rulani,Cupido,27791860785,Gqeberha,Eastern Cape,CREDIT_CARD,2023/04/01
RIDER_000858,Stefan,Julies,27676036120,Pretoria,Gauteng,EFT_OZOW,2024/06/14
RIDER_000859,Ayrton,Ndlovu,27766689383,Vanderbijlpark,Gauteng,IN_APP_WALLET,2023/06/15
RIDER_000860,Sarah,Adams,27821519978,Durban,KwaZulu-Natal,DEBIT_CARD,2025/05/23
RIDER_000861,Ayrton,Adams,27805569664,Johannesburg,Gauteng,EFT_OZOW,2025/01/07
RIDER_000862,Rulani,Davies,27717204048,Cape Town,Western Cape,IN_APP_WALLET,2023/12/14
RIDER_000863,Pieter,Chetty,27691823383,Durban,KwaZulu-Natal,DEBIT_CARD,2025/04/11
RIDER_000864,Elize,Davies,27689539583,Potchefstroom,North West,IN_APP_WALLET,2024/08/08
RIDER_000865,Michael,Majozi,27697020142,Pretoria,Gauteng,IN_APP_WALLET,2023/08/26
RIDER_000866,Zola,Kruger,27756718184,Pretoria,Gauteng,CASH,2023/08/31
RIDER_000867,Tumelo,Zulu,27779568284,Johannesburg,Gauteng,IN_APP_WALLET,2023/03/22
RIDER_000868,Siyabonga,Mabena,27662896073,Pretoria,Gauteng,IN_APP_WALLET,2023/05/05
RIDER_000869,Stacy,Ismail,27809799819,Vanderbijlpark,Gauteng,CREDIT_CARD,2023/07/21
RIDER_000870,Ashley,Bezuidenhout,27843011474,Durban,KwaZulu-Natal,DEBIT_CARD,2023/10/23
RIDER_000871,Siyabonga,Ismail,27805883443,Johannesburg,Gauteng,CREDIT_CARD,2024/01/10
RIDER_000872,Thandeka,Molefe,27736812261,Johannesburg,Gauteng,EFT_OZOW,2025/04/18
RIDER_000873,Mulalo,Miller,27681014655,Durban,KwaZulu-Natal,EFT_OZOW,2024/12/17
RIDER_000874,Sipho,Majozi,27703227915,Vanderbijlpark,Gauteng,CASH,2024/02/06
RIDER_000875,Suné,Bezuidenhout,27616403964,Potchefstroom,North West,CASH,2023/09/24
RIDER_000876,Brandon,Venter,27676984754,Cape Town,Western Cape,CASH,2024/06/28
RIDER_000877,Mpho,Walker,27631557395,Durban,KwaZulu-Natal,CASH,2023/11/24
RIDER_000878,Tariq,Kruger,27654773862,Vanderbijlpark,Gauteng,DEBIT_CARD,2023/05/14
RIDER_000879,Kevin,Bester,27631955353,Vanderbijlpark,Gauteng,CASH,2024/12/01
RIDER_000880,Thandeka,Mokoena,27714019928,Pretoria,Gauteng,IN_APP_WALLET,2023/04/26
RIDER_000881,Dakalo,Nel,27765376316,Cape Town,Western Cape,EFT_OZOW,2024/04/08
RIDER_000882,Johan,Campbell,27758999764,Johannesburg,Gauteng,IN_APP_WALLET,2025/06/01
RIDER_000883,Monique,Abrahams,27671592923,Johannesburg,Gauteng,DEBIT_CARD,2025/02/01
RIDER_000884,Bandile,Mahomed,27713158343,Gqeberha,Eastern Cape,IN_APP_WALLET,2024/06/17
RIDER_000885,Sipho,Campbell,27641886713,Cape Town,Western Cape,CREDIT_CARD,2023/05/27
RIDER_000886,Mpho,Abrahams,27636011960,Vanderbijlpark,Gauteng,CASH,2023/03/22
RIDER_000887,Mpho,Steyn,27836531257,Gqeberha,Eastern Cape,CASH,2023/02/07
RIDER_000888,Khensani,Nel,27644561890,Cape Town,Western Cape,CASH,2024/06/10
RIDER_000889,Kayla,Majozi,27756340961,Durban,KwaZulu-Natal,CREDIT_CARD,2023/06/23
RIDER_000890,Simphiwe,Botha,27812765212,Gqeberha,Eastern Cape,CREDIT_CARD,2023/09/25
RIDER_000891,Stacy,Moosa,27829826773,Potchefstroom,North West,CREDIT_CARD,2023/12/31
RIDER_000892,Ntsako,Chetty,27718583144,Cape Town,Western Cape,CREDIT_CARD,2023/01/01
RIDER_000893,Johan,Abrahams,27812816521,Pretoria,Gauteng,CREDIT_CARD,2024/05/02
RIDER_000894,Jessica,Ndlovu,27632562664,Pretoria,Gauteng,CREDIT_CARD,2024/10/10
RIDER_000895,Brandon,Joubert,27628404555,Johannesburg,Gauteng,DEBIT_CARD,2023/06/29
RIDER_000896,Nthabiseng,Taylor,27683811059,Johannesburg,Gauteng,DEBIT_CARD,2024/04/27
RIDER_000897,Johan,Mokoena,27723075181,Vanderbijlpark,Gauteng,IN_APP_WALLET,2023/03/16
RIDER_000898,Devan,Khoza,27848356115,Durban,KwaZulu-Natal,CREDIT_CARD,2025/03/11
RIDER_000899,Kabelo,Brown,27798440090,Gqeberha,Eastern Cape,CASH,2023/12/20
RIDER_000900,Suné,Sithole,27722082823,Durban,KwaZulu-Natal,CREDIT_CARD,2024/07/04
RIDER_000901,Sumaiya,Modise,27779217052,Johannesburg,Gauteng,DEBIT_CARD,2025/03/20
RIDER_000902,Mthokozisi,Reddy,27716121482,Pretoria,Gauteng,DEBIT_CARD,2024/11/14
RIDER_000903,Ayrton,Joubert,27814575566,Vanderbijlpark,Gauteng,IN_APP_WALLET,2024/01/01
RIDER_000904,Devan,Taylor,27667356744,Vanderbijlpark,Gauteng,CASH,2024/06/29
RIDER_000905,Dylan,Makhanya,27684678114,Durban,KwaZulu-Natal,CASH,2024/01/31
RIDER_000906,Katlego,Dlamini,27797444258,Johannesburg,Gauteng,DEBIT_CARD,2024/02/22
RIDER_000907,Kavita,Abrahams,27601555805,Pretoria,Gauteng,EFT_OZOW,2023/05/07
RIDER_000908,Lesedi,Khan,27629329908,Cape Town,Western Cape,EFT_OZOW,2023/04/09
RIDER_000909,Michael,Campbell,27839856192,Cape Town,Western Cape,IN_APP_WALLET,2023/02/24
RIDER_000910,Lerato,Bezuidenhout,27692761892,Cape Town,Western Cape,CASH,2024/09/05
RIDER_000911,Dylan,Solomons,27605133722,Gqeberha,Eastern Cape,CASH,2023/07/01
RIDER_000912,Michael,Smit,27827445048,Pretoria,Gauteng,CASH,2023/08/10
RIDER_000913,David,Kruger,27613032330,Cape Town,Western Cape,IN_APP_WALLET,2023/03/08
RIDER_000914,Stacy,Naidoo,27823832820,Johannesburg,Gauteng,EFT_OZOW,2023/11/30
RIDER_000915,Zola,Steyn,27803425219,Durban,KwaZulu-Natal,CASH,2025/03/04
RIDER_000916,Kabelo,Naidoo,27788612739,Johannesburg,Gauteng,EFT_OZOW,2024/07/08
RIDER_000917,Johan,Pretorius,27668814597,Johannesburg,Gauteng,IN_APP_WALLET,2023/09/22
RIDER_000918,Mulalo,Smit,27799604161,Gqeberha,Eastern Cape,EFT_OZOW,2023/08/31
RIDER_000919,Kavita,Botha,27651066551,Vanderbijlpark,Gauteng,DEBIT_CARD,2024/02/14
RIDER_000920,Amina,Bezuidenhout,27811835033,Pretoria,Gauteng,IN_APP_WALLET,2025/02/08
RIDER_000921,Suraj,Mahomed,27817670747,Pretoria,Gauteng,DEBIT_CARD,2025/05/09
RIDER_000922,Devan,van der Merwe,27691470792,Vanderbijlpark,Gauteng,CREDIT_CARD,2024/06/15
RIDER_000923,Megan,Adams,27621247340,Durban,KwaZulu-Natal,CREDIT_CARD,2025/04/01
RIDER_000924,Ashley,Cassim,27803359835,Johannesburg,Gauteng,CREDIT_CARD,2024/07/03
RIDER_000925,Jessica,van der Merwe,27652969304,Potchefstroom,North West,DEBIT_CARD,2024/01/30
RIDER_000926,Brandon,Patel,27632985131,Cape Town,Western Cape,EFT_OZOW,2023/11/17
RIDER_000927,Zanele,Miller,27681106661,Durban,KwaZulu-Natal,CASH,2024/07/12
RIDER_000928,Michael,Khumalo,27792107051,Gqeberha,Eastern Cape,CASH,2023/10/06
RIDER_000929,Willem,Khumalo,27651289876,Vanderbijlpark,Gauteng,CREDIT_CARD,2025/03/21
RIDER_000930,Devan,Tau,27841801716,Durban,KwaZulu-Natal,DEBIT_CARD,2023/09/04
RIDER_000931,Khotso,Bezuidenhout,27647979412,Vanderbijlpark,Gauteng,EFT_OZOW,2025/05/17
RIDER_000932,Bongani,Mabena,27604108794,Pretoria,Gauteng,CASH,2024/04/03
RIDER_000933,Kayla,Cupido,27809441358,Vanderbijlpark,Gauteng,CASH,2025/01/21
RIDER_000934,Lesedi,Petersen,27759091228,Potchefstroom,North West,CREDIT_CARD,2024/05/23
RIDER_000935,Simphiwe,Mabena,27621067105,Cape Town,Western Cape,CASH,2023/08/04
RIDER_000936,Gareth,Dlamini,27794840702,Potchefstroom,North West,CREDIT_CARD,2023/04/04
RIDER_000937,Tumelo,Mbalula,27691521804,Durban,KwaZulu-Natal,IN_APP_WALLET,2024/10/09
RIDER_000938,Mpho,Moodley,27612518556,Pretoria,Gauteng,DEBIT_CARD,2024/12/04
RIDER_000939,Lungile,Pillay,27677219478,Durban,KwaZulu-Natal,EFT_OZOW,2025/04/08
RIDER_000940,Priya,Venter,27677485581,Cape Town,Western Cape,IN_APP_WALLET,2023/04/26
RIDER_000941,Kiran,Dawood,27738604243,Cape Town,Western Cape,CASH,2025/06/19
RIDER_000942,Thabo,Kruger,27777462421,Potchefstroom,North West,CASH,2023/05/11
RIDER_000943,Simphiwe,Govender,27701666968,Johannesburg,Gauteng,CREDIT_CARD,2024/03/05
RIDER_000944,Yusuf,Davies,27694229739,Pretoria,Gauteng,IN_APP_WALLET,2023/12/24
RIDER_000945,Luyanda,Smith,27786960541,Potchefstroom,North West,EFT_OZOW,2023/05/23
RIDER_000946,Tebogo,Padayachee,27793233250,Johannesburg,Gauteng,EFT_OZOW,2024/02/01
RIDER_000947,Palesa,Pillay,27627660608,Potchefstroom,North West,CREDIT_CARD,2023/05/31
RIDER_000948,Kayla,Fourie,27673675160,Pretoria,Gauteng,DEBIT_CARD,2025/05/06
RIDER_000949,Kabelo,Oosthuizen,27649348224,Vanderbijlpark,Gauteng,CREDIT_CARD,2024/07/11
RIDER_000950,Rohan,Pretorius,27732424700,Potchefstroom,North West,DEBIT_CARD,2025/04/26
RIDER_000951,Kayla,Botha,27829614803,Vanderbijlpark,Gauteng,EFT_OZOW,2025/02/19
RIDER_000952,Zaheer,Venter,27688144144,Johannesburg,Gauteng,DEBIT_CARD,2024/01/03
RIDER_000953,Nandipha,Sithole,27834497488,Pretoria,Gauteng,IN_APP_WALLET,2023/02/22
RIDER_000954,Anika,Mbalula,27672779489,Johannesburg,Gauteng,CREDIT_CARD,2024/06/26
RIDER_000955,Mthokozisi,Williams,27796754152,Pretoria,Gauteng,IN_APP_WALLET,2023/11/20
RIDER_000956,Bradley,Mahomed,27719612209,Vanderbijlpark,Gauteng,IN_APP_WALLET,2023/10/12
RIDER_000957,Amina,Reddy,27616197182,Johannesburg,Gauteng,CREDIT_CARD,2025/04/12
RIDER_000958,Sumaiya,Bester,27794825386,Johannesburg,Gauteng,DEBIT_CARD,2024/02/13
RIDER_000959,Zaheer,Fourie,27631616537,Potchefstroom,North West,IN_APP_WALLET,2023/10/06
RIDER_000960,Rohan,Kruger,27841931203,Durban,KwaZulu-Natal,DEBIT_CARD,2025/03/09
RIDER_000961,Yusuf,Taylor,27679756001,Johannesburg,Gauteng,CASH,2023/05/09
RIDER_000962,Francois,Chauke,27794367741,Pretoria,Gauteng,EFT_OZOW,2023/05/27
RIDER_000963,Bandile,Mokoena,27665956323,Cape Town,Western Cape,IN_APP_WALLET,2023/03/13
RIDER_000964,Simphiwe,Cupido,27608753929,Pretoria,Gauteng,CREDIT_CARD,2024/03/28
RIDER_000965,Samantha,Phakathi,27617953300,Vanderbijlpark,Gauteng,EFT_OZOW,2023/08/21
RIDER_000966,Chad,Moodley,27681280150,Potchefstroom,North West,CASH,2024/03/12
RIDER_000967,Francois,Pretorius,27731245530,Pretoria,Gauteng,DEBIT_CARD,2023/05/04
RIDER_000968,Ashley,Dawood,27671416451,Gqeberha,Eastern Cape,EFT_OZOW,2025/02/12
RIDER_000969,Keanu,Fortuin,27709041661,Vanderbijlpark,Gauteng,CASH,2024/04/01
RIDER_000970,Zanele,Mahomed,27762859260,Vanderbijlpark,Gauteng,IN_APP_WALLET,2024/08/31
RIDER_000971,Francois,Miller,27674026397,Gqeberha,Eastern Cape,CREDIT_CARD,2023/11/21
RIDER_000972,Tumelo,Baloyi,27812473868,Potchefstroom,North West,CREDIT_CARD,2023/10/14
RIDER_000973,Ayesha,Davies,27717667192,Vanderbijlpark,Gauteng,CREDIT_CARD,2024/05/15
RIDER_000974,Sarah,Smith,27639455205,Durban,KwaZulu-Natal,DEBIT_CARD,2023/02/19
RIDER_000975,Mthokozisi,Singh,27694893139,Johannesburg,Gauteng,CASH,2025/04/27
RIDER_000976,Pieter,Makhanya,27727632964,Vanderbijlpark,Gauteng,DEBIT_CARD,2025/01/27
RIDER_000977,Thabo,Molefe,27656332371,Durban,KwaZulu-Natal,CREDIT_CARD,2023/03/16
RIDER_000978,Tshepo,Oosthuizen,27712399007,Cape Town,Western Cape,IN_APP_WALLET,2024/05/08
RIDER_000979,Gareth,Padayachee,27834922636,Cape Town,Western Cape,DEBIT_CARD,2024/03/22
RIDER_000980,Zanele,Reddy,27634898906,Vanderbijlpark,Gauteng,DEBIT_CARD,2023/02/27
RIDER_000981,Fatima,Williams,27638525635,Cape Town,Western Cape,DEBIT_CARD,2024/10/08
RIDER_000982,Nthabiseng,Molefe,27705400102,Durban,KwaZulu-Natal,IN_APP_WALLET,2023/05/12
RIDER_000983,Mpho,Cassim,27697599968,Gqeberha,Eastern Cape,IN_APP_WALLET,2024/02/18
RIDER_000984,Luyanda,Johnson,27654474477,Vanderbijlpark,Gauteng,IN_APP_WALLET,2023/07/18
RIDER_000985,Zanele,Naidoo,27764023370,Gqeberha,Eastern Cape,EFT_OZOW,2025/02/28
RIDER_000986,Bradley,Chetty,27737751837,Gqeberha,Eastern Cape,DEBIT_CARD,2025/03/12
RIDER_000987,Johan,Chetty,27781548998,Cape Town,Western Cape,IN_APP_WALLET,2023/02/07
RIDER_000988,Nirav,Bester,27692957795,Vanderbijlpark,Gauteng,EFT_OZOW,2023/08/17
RIDER_000989,Kagiso,Fortuin,27639180474,Vanderbijlpark,Gauteng,CREDIT_CARD,2025/04/23
RIDER_000990,Brandon,Tau,27808784266,Pretoria,Gauteng,DEBIT_CARD,2025/02/18
RIDER_000991,Chantelle,Patel,27616014827,Cape Town,Western Cape,EFT_OZOW,2023/12/20
RIDER_000992,Jessica,Sithole,27797948471,Vanderbijlpark,Gauteng,CASH,2023/12/29
RIDER_000993,Tamtyn,Ndlovu,27669844759,Potchefstroom,North West,CASH,2023/05/29
RIDER_000994,Sumaiya,Smith,27786545914,Vanderbijlpark,Gauteng,CASH,2023/06/24
RIDER_000995,Bandile,Miller,27644118684,Pretoria,Gauteng,IN_APP_WALLET,2024/06/24
RIDER_000996,Mthokozisi,Mokoena,27703051933,Pretoria,Gauteng,EFT_OZOW,2024/04/17
RIDER_000997,Jessica,Smit,27824015998,Vanderbijlpark,Gauteng,DEBIT_CARD,2023/01/22
RIDER_000998,Sarah,Venter,27827565499,Vanderbijlpark,Gauteng,DEBIT_CARD,2023/01/11
RIDER_000999,Katlego,Mokoena,27692877760,Durban,KwaZulu-Natal,DEBIT_CARD,2024/05/11
RIDER_001000,Tumelo,Ndlovu,27744193107,Cape Town,Western Cape,CASH,2024/04/01
RIDER_001001,Bandile,Harrison,27727632743,Cape Town,Western Cape,DEBIT_CARD,2023/09/14
RIDER_001002,Sumaiya,Govender,27664874384,Gqeberha,Eastern Cape,CREDIT_CARD,2023/06/16
RIDER_001003,Sipho,Jacobs,27755361315,Pretoria,Gauteng,IN_APP_WALLET,2023/02/19
RIDER_001004,Priya,du Plessis,27637303637,Johannesburg,Gauteng,CREDIT_CARD,2024/05/18
RIDER_001005,Khensani,Makhanya,27746349101,Durban,KwaZulu-Natal,IN_APP_WALLET,2023/06/06
RIDER_001006,Stefan,Ndlovu,27726795748,Gqeberha,Eastern Cape,CREDIT_CARD,2024/10/05
RIDER_001007,Sbusiso,Venter,27713278206,Potchefstroom,North West,EFT_OZOW,2024/06/25
RIDER_001008,Samantha,Chauke,27839993529,Pretoria,Gauteng,EFT_OZOW,2023/01/13
RIDER_001009,Brandon,Bezuidenhout,27669341559,Gqeberha,Eastern Cape,DEBIT_CARD,2024/01/02
RIDER_001010,Simphiwe,Solomons,27844854133,Cape Town,Western Cape,CASH,2025/02/28
RIDER_001011,Nthabiseng,Tau,27711610511,Potchefstroom,North West,CREDIT_CARD,2024/05/18
RIDER_001012,Jessica,Abrahams,27644705080,Cape Town,Western Cape,CREDIT_CARD,2024/01/05
RIDER_001013,Khotso,Campbell,27713246407,Cape Town,Western Cape,CASH,2023/04/09
RIDER_001014,Chester,Naidoo,27796741813,Gqeberha,Eastern Cape,CASH,2024/07/07
RIDER_001015,Willem,Coetzee,27672184082,Cape Town,Western Cape,CREDIT_CARD,2024/08/27
RIDER_001016,Zaheer,Bezuidenhout,27655468479,Potchefstroom,North West,DEBIT_CARD,2023/12/01
RIDER_001017,Chester,Naidoo,27678662569,Vanderbijlpark,Gauteng,EFT_OZOW,2025/05/06
RIDER_001018,Zanele,Moosa,27629748744,Vanderbijlpark,Gauteng,CREDIT_CARD,2024/11/10
RIDER_001019,Fatima,Coetzee,27617146148,Johannesburg,Gauteng,CASH,2023/09/10
RIDER_001020,Nirav,Naidoo,27675499883,Vanderbijlpark,Gauteng,IN_APP_WALLET,2025/05/12
RIDER_001021,Jacques,Louw,27768544724,Pretoria,Gauteng,DEBIT_CARD,2024/01/27
RIDER_001022,Kagiso,Louw,27712654838,Vanderbijlpark,Gauteng,CREDIT_CARD,2024/11/15
RIDER_001023,Kevin,Bezuidenhout,27807212795,Durban,KwaZulu-Natal,IN_APP_WALLET,2023/07/22
RIDER_001024,Tumelo,Petersen,27735713207,Potchefstroom,North West,EFT_OZOW,2023/01/01
RIDER_001025,Brandon,Oosthuizen,27793049305,Johannesburg,Gauteng,CASH,2025/02/10
RIDER_001026,Elize,Baloyi,27609354981,Potchefstroom,North West,CASH,2025/02/16
RIDER_001027,Samantha,Ramaphosa,27788429447,Cape Town,Western Cape,CREDIT_CARD,2024/01/18
RIDER_001028,David,Patel,27778067131,Vanderbijlpark,Gauteng,CASH,2024/01/22
RIDER_001029,Elize,Fourie,27662092719,Johannesburg,Gauteng,IN_APP_WALLET,2025/06/16
RIDER_001030,Luyanda,Molefe,27773010449,Vanderbijlpark,Gauteng,CREDIT_CARD,2023/07/24
RIDER_001031,Priya,Majozi,27765969011,Pretoria,Gauteng,EFT_OZOW,2024/08/11
RIDER_001032,Suraj,Modise,27752862007,Pretoria,Gauteng,CREDIT_CARD,2024/11/29
RIDER_001033,Priya,Baloyi,27805696493,Durban,KwaZulu-Natal,EFT_OZOW,2023/07/10
RIDER_001034,Chester,Ismail,27734935708,Cape Town,Western Cape,EFT_OZOW,2023/11/24
RIDER_001035,Katlego,Nel,27717078611,Johannesburg,Gauteng,DEBIT_CARD,2024/05/04
RIDER_001036,Ayesha,Brown,27608937714,Cape Town,Western Cape,EFT_OZOW,2023/07/08
RIDER_001037,Tebogo,Mabena,27834798129,Pretoria,Gauteng,EFT_OZOW,2023/08/26
RIDER_001038,Tamtyn,Botha,27653747932,Pretoria,Gauteng,EFT_OZOW,2023/03/04
RIDER_001039,Cheslyn,Mokoena,27732180021,Pretoria,Gauteng,IN_APP_WALLET,2023/07/16
RIDER_001040,Stacy,Tau,27658156809,Gqeberha,Eastern Cape,DEBIT_CARD,2024/06/10
RIDER_001041,Tamtyn,Singh,27643524790,Cape Town,Western Cape,CASH,2025/05/15
RIDER_001042,Monique,Venter,27673522827,Johannesburg,Gauteng,DEBIT_CARD,2025/06/08
RIDER_001043,Palesa,Fortuin,27654875917,Vanderbijlpark,Gauteng,CREDIT_CARD,2024/01/03
RIDER_001044,Thandeka,Abrahams,27656212346,Durban,KwaZulu-Natal,CREDIT_CARD,2025/01/24
RIDER_001045,Kayla,du Plessis,27664641146,Vanderbijlpark,Gauteng,IN_APP_WALLET,2025/05/03
RIDER_001046,Kagiso,Padayachee,27727924715,Durban,KwaZulu-Natal,CREDIT_CARD,2023/11/11
RIDER_001047,Elize,Khan,27798125873,Johannesburg,Gauteng,IN_APP_WALLET,2024/06/13
RIDER_001048,Katlego,Mokoena,27733213632,Vanderbijlpark,Gauteng,EFT_OZOW,2023/03/21
RIDER_001049,Tamtyn,Mabena,27799582446,Potchefstroom,North West,IN_APP_WALLET,2025/03/10
RIDER_001050,Tamtyn,Mabena,27712616557,Durban,KwaZulu-Natal,CREDIT_CARD,2024/08/15
RIDER_001051,Yusuf,Khan,27699011637,Durban,KwaZulu-Natal,EFT_OZOW,2024/09/08
RIDER_001052,Zanele,Modise,27775553337,Vanderbijlpark,Gauteng,CREDIT_CARD,2024/04/04
RIDER_001053,Rulani,Cassim,27648549565,Gqeberha,Eastern Cape,EFT_OZOW,2025/04/09
RIDER_001054,Stefan,Davies,27811931893,Durban,KwaZulu-Natal,IN_APP_WALLET,2025/05/29
RIDER_001055,Thabo,Steyn,27776787822,Johannesburg,Gauteng,CREDIT_CARD,2023/09/25
RIDER_001056,Khensani,Nel,27658105041,Gqeberha,Eastern Cape,CASH,2024/07/15
RIDER_001057,Gareth,Patel,27709815730,Durban,KwaZulu-Natal,EFT_OZOW,2024/10/18
RIDER_001058,Willem,Campbell,27846055309,Gqeberha,Eastern Cape,CASH,2024/04/30
RIDER_001059,Khotso,Dawood,27835104829,Gqeberha,Eastern Cape,CASH,2025/02/06
RIDER_001060,Zaheer,Nel,27693100050,Gqeberha,Eastern Cape,IN_APP_WALLET,2023/11/12
RIDER_001061,Dylan,Walker,27632353391,Potchefstroom,North West,EFT_OZOW,2024/05/18
RIDER_001062,Samantha,Modise,27693698332,Durban,KwaZulu-Natal,CREDIT_CARD,2023/09/20
RIDER_001063,Lungile,Cassim,27633919835,Cape Town,Western Cape,CASH,2023/10/21
RIDER_001064,Keanu,Campbell,27652563432,Pretoria,Gauteng,DEBIT_CARD,2024/04/22
RIDER_001065,Sarah,Makhanya,27667717965,Durban,KwaZulu-Natal,CASH,2024/12/10
RIDER_001066,Zanele,Smit,27725559749,Gqeberha,Eastern Cape,EFT_OZOW,2023/04/19
RIDER_001067,Khotso,Ndlovu,27705396683,Vanderbijlpark,Gauteng,IN_APP_WALLET,2024/05/13
RIDER_001068,Devan,Solomons,27711317514,Cape Town,Western Cape,DEBIT_CARD,2024/07/19
RIDER_001069,Gareth,Zulu,27716208012,Durban,KwaZulu-Natal,EFT_OZOW,2023/03/12
RIDER_001070,Bandile,Louw,27667070351,Potchefstroom,North West,IN_APP_WALLET,2023/09/24
RIDER_001071,Tebogo,Padayachee,27748912639,Pretoria,Gauteng,IN_APP_WALLET,2023/08/25
RIDER_001072,Siyabonga,Majozi,27622997374,Gqeberha,Eastern Cape,CREDIT_CARD,2023/03/10
RIDER_001073,Tamtyn,Coetzee,27781503370,Durban,KwaZulu-Natal,IN_APP_WALLET,2025/02/11
RIDER_001074,Kagiso,Adams,27782160771,Potchefstroom,North West,CREDIT_CARD,2024/08/22
RIDER_001075,David,Steyn,27739939117,Pretoria,Gauteng,CREDIT_CARD,2023/08/25
RIDER_001076,Tumelo,Padayachee,27669525820,Vanderbijlpark,Gauteng,IN_APP_WALLET,2025/04/20
RIDER_001077,Kiran,Williams,27773636786,Gqeberha,Eastern Cape,EFT_OZOW,2025/03/25
RIDER_001078,Ayrton,Bezuidenhout,27788872982,Durban,KwaZulu-Natal,IN_APP_WALLET,2023/03/10
RIDER_001079,Zola,Williams,27753710321,Pretoria,Gauteng,DEBIT_CARD,2023/02/23
RIDER_001080,Willem,du Plessis,27655839310,Johannesburg,Gauteng,IN_APP_WALLET,2023/06/16
RIDER_001081,David,Coetzee,27717916419,Pretoria,Gauteng,DEBIT_CARD,2024/06/22
RIDER_001082,Nthabiseng,Reddy,27742604686,Vanderbijlpark,Gauteng,IN_APP_WALLET,2025/02/01
RIDER_001083,Devan,Naidoo,27666608291,Pretoria,Gauteng,CASH,2025/03/12
RIDER_001084,Sbusiso,Makhanya,27815610426,Cape Town,Western Cape,IN_APP_WALLET,2024/12/26
RIDER_001085,Sbusiso,Khoza,27637947362,Potchefstroom,North West,EFT_OZOW,2024/12/27
RIDER_001086,Nthabiseng,Modise,27843766133,Gqeberha,Eastern Cape,IN_APP_WALLET,2023/06/11
RIDER_001087,Yusuf,Petersen,27752106035,Gqeberha,Eastern Cape,CASH,2024/10/16
RIDER_001088,Stefan,Isaacs,27632831271,Johannesburg,Gauteng,CASH,2024/09/07
RIDER_001089,Rethabile,du Plessis,27707730573,Cape Town,Western Cape,EFT_OZOW,2024/11/10
RIDER_001090,Kabelo,Harrison,27836814807,Potchefstroom,North West,CREDIT_CARD,2024/12/17
RIDER_001091,Nomvula,Smit,27745184823,Pretoria,Gauteng,IN_APP_WALLET,2023/04/14
RIDER_001092,Zubair,Moodley,27622007497,Gqeberha,Eastern Cape,CREDIT_CARD,2023/05/17
RIDER_001093,Chad,Brown,27829402545,Durban,KwaZulu-Natal,CASH,2025/05/08
RIDER_001094,Tumelo,Bezuidenhout,27712582250,Johannesburg,Gauteng,DEBIT_CARD,2025/03/05
RIDER_001095,Chantelle,Adams,27735058005,Gqeberha,Eastern Cape,IN_APP_WALLET,2024/01/31
RIDER_001096,Ntsako,Modise,27651094156,Durban,KwaZulu-Natal,DEBIT_CARD,2023/03/18
RIDER_001097,Dakalo,Bezuidenhout,27726217520,Durban,KwaZulu-Natal,CREDIT_CARD,2023/03/30
RIDER_001098,Anika,Campbell,27672232128,Johannesburg,Gauteng,DEBIT_CARD,2024/01/08
RIDER_001099,Rohan,Petersen,27757703225,Durban,KwaZulu-Natal,EFT_OZOW,2024/07/29
RIDER_001100,Sipho,Chauke,27808018720,Johannesburg,Gauteng,IN_APP_WALLET,2023/01/01
RIDER_001101,Nirav,Zulu,27722110893,Johannesburg,Gauteng,DEBIT_CARD,2024/09/13
RIDER_001102,Lesedi,Khan,27719462384,Durban,KwaZulu-Natal,IN_APP_WALLET,2024/03/09
RIDER_001103,Samantha,Mbalula,27713041336,Johannesburg,Gauteng,CREDIT_CARD,2023/08/06
RIDER_001104,Lesedi,Brown,27784385128,Gqeberha,Eastern Cape,CREDIT_CARD,2025/01/10
RIDER_001105,Devan,Brown,27709292289,Gqeberha,Eastern Cape,CREDIT_CARD,2023/05/07
RIDER_001106,Thandeka,Walker,27759694594,Gqeberha,Eastern Cape,EFT_OZOW,2024/02/14
RIDER_001107,Ayesha,Fourie,27652908192,Pretoria,Gauteng,CASH,2025/02/23
RIDER_001108,Khotso,Naidoo,27617314446,Pretoria,Gauteng,DEBIT_CARD,2025/03/12
RIDER_001109,Amina,Oosthuizen,27648440830,Durban,KwaZulu-Natal,CASH,2023/05/02
RIDER_001110,Sipho,Venter,27807990277,Vanderbijlpark,Gauteng,CREDIT_CARD,2023/07/07
RIDER_001111,Simphiwe,Moodley,27705109475,Pretoria,Gauteng,DEBIT_CARD,2024/08/20
RIDER_001112,Willem,Pillay,27816911857,Durban,KwaZulu-Natal,DEBIT_CARD,2023/01/01
RIDER_001113,Sarah,Venter,27786392137,Durban,KwaZulu-Natal,IN_APP_WALLET,2024/10/30
RIDER_001114,Chester,Dlamini,27723184986,Pretoria,Gauteng,CREDIT_CARD,2023/08/22
RIDER_001115,Tebogo,Cupido,27839847467,Pretoria,Gauteng,IN_APP_WALLET,2025/06/13
RIDER_001116,Thandeka,Miller,27611500171,Durban,KwaZulu-Natal,CASH,2023/02/18
RIDER_001117,Tshepo,Zulu,27706984439,Durban,KwaZulu-Natal,CREDIT_CARD,2024/05/06
RIDER_001118,Zubair,Adams,27835112973,Vanderbijlpark,Gauteng,IN_APP_WALLET,2024/05/17
RIDER_001119,Ashley,Taylor,27682113039,Vanderbijlpark,Gauteng,IN_APP_WALLET,2023/01/29
RIDER_001120,Nirav,Brown,27613970312,Pretoria,Gauteng,EFT_OZOW,2023/12/28
RIDER_001121,Lesedi,Smith,27795212191,Pretoria,Gauteng,DEBIT_CARD,2023/02/07
RIDER_001122,Bongani,Fourie,27657526130,Durban,KwaZulu-Natal,CASH,2023/06/24
RIDER_001123,Luyanda,Solomons,27696979149,Johannesburg,Gauteng,EFT_OZOW,2024/10/17
RIDER_001124,Zaheer,Mahomed,27621903213,Durban,KwaZulu-Natal,CASH,2024/11/05
RIDER_001125,Bradley,Pillay,27619303610,Vanderbijlpark,Gauteng,IN_APP_WALLET,2024/01/28
RIDER_001126,Kavita,Adams,27772568144,Durban,KwaZulu-Natal,CASH,2024/07/07
RIDER_001127,Suné,Brown,27826623127,Vanderbijlpark,Gauteng,EFT_OZOW,2023/12/26
RIDER_001128,Samantha,Nel,27688436462,Pretoria,Gauteng,IN_APP_WALLET,2024/09/16
RIDER_001129,Lesedi,Ndlovu,27827807714,Gqeberha,Eastern Cape,CASH,2023/05/31
RIDER_001130,Chad,Zulu,27672790316,Gqeberha,Eastern Cape,CASH,2023/01/19
RIDER_001131,Zubair,Chauke,27627138623,Johannesburg,Gauteng,DEBIT_CARD,2023/11/09
RIDER_001132,Chantelle,Mahomed,27761480475,Johannesburg,Gauteng,CASH,2023/06/19
RIDER_001133,Khotso,Chauke,27807035858,Vanderbijlpark,Gauteng,IN_APP_WALLET,2025/01/25
RIDER_001134,Kagiso,Hendricks,27696251515,Pretoria,Gauteng,DEBIT_CARD,2023/12/18
RIDER_001135,Suraj,Govender,27657948165,Durban,KwaZulu-Natal,CASH,2024/10/04
RIDER_001136,Lungile,Bezuidenhout,27612081080,Vanderbijlpark,Gauteng,EFT_OZOW,2023/03/23
RIDER_001137,Mpho,Mbalula,27723015620,Potchefstroom,North West,IN_APP_WALLET,2025/01/06
RIDER_001138,Ashley,Majozi,27822369227,Pretoria,Gauteng,DEBIT_CARD,2023/11/14
RIDER_001139,Suné,Patel,27658590838,Potchefstroom,North West,EFT_OZOW,2024/01/11
RIDER_001140,Stefan,Dawood,27804315710,Gqeberha,Eastern Cape,DEBIT_CARD,2023/03/07
RIDER_001141,Mpho,Patel,27685872084,Cape Town,Western Cape,DEBIT_CARD,2023/09/08
RIDER_001142,Kagiso,Davies,27701507446,Vanderbijlpark,Gauteng,EFT_OZOW,2024/04/23
RIDER_001143,Lungile,Khan,27731714256,Gqeberha,Eastern Cape,DEBIT_CARD,2023/07/29
RIDER_001144,Bandile,Cupido,27743668221,Gqeberha,Eastern Cape,CREDIT_CARD,2024/12/07
RIDER_001145,Tshepo,Solomons,27786076825,Cape Town,Western Cape,DEBIT_CARD,2024/08/02
RIDER_001146,Rethabile,Naidoo,27648788037,Gqeberha,Eastern Cape,DEBIT_CARD,2023/12/31
RIDER_001147,Lungile,Dlamini,27722532043,Potchefstroom,North West,DEBIT_CARD,2024/07/17
RIDER_001148,Samantha,Hendricks,27749926682,Durban,KwaZulu-Natal,DEBIT_CARD,2025/01/10
RIDER_001149,Siyabonga,Ismail,27777676391,Gqeberha,Eastern Cape,EFT_OZOW,2023/04/18
RIDER_001150,Nthabiseng,Patel,27798979676,Potchefstroom,North West,CASH,2025/05/21
RIDER_001151,Monique,Mthembu,27628482941,Potchefstroom,North West,CREDIT_CARD,2024/01/10
RIDER_001152,Rethabile,Dlamini,27654349591,Cape Town,Western Cape,EFT_OZOW,2023/05/18
RIDER_001153,Rohan,Khoza,27755243184,Johannesburg,Gauteng,EFT_OZOW,2023/02/05
RIDER_001154,Zanele,Majozi,27831806339,Gqeberha,Eastern Cape,CREDIT_CARD,2024/03/11
RIDER_001155,Tebogo,Reddy,27703562009,Johannesburg,Gauteng,EFT_OZOW,2024/11/03
RIDER_001156,Tshepo,Oosthuizen,27638054873,Gqeberha,Eastern Cape,IN_APP_WALLET,2024/06/20
RIDER_001157,Sumaiya,Fourie,27822804767,Vanderbijlpark,Gauteng,DEBIT_CARD,2023/08/02
RIDER_001158,Simphiwe,Brown,27739456744,Potchefstroom,North West,CASH,2023/01/14
RIDER_001159,Jessica,Chetty,27786108550,Cape Town,Western Cape,DEBIT_CARD,2023/06/05
RIDER_001160,Fatima,Fortuin,27653024608,Vanderbijlpark,Gauteng,CREDIT_CARD,2024/04/04
RIDER_001161,Sipho,Solomons,27686365110,Pretoria,Gauteng,CREDIT_CARD,2023/12/15
RIDER_001162,Rulani,Majozi,27807567569,Vanderbijlpark,Gauteng,CREDIT_CARD,2023/10/26
RIDER_001163,Chad,Brown,27841916263,Durban,KwaZulu-Natal,CASH,2023/12/24
RIDER_001164,Dylan,Baloyi,27806719433,Vanderbijlpark,Gauteng,DEBIT_CARD,2024/02/15
RIDER_001165,Kavita,Singh,27653128683,Vanderbijlpark,Gauteng,CASH,2025/03/08
RIDER_001166,Devan,Walker,27655419475,Johannesburg,Gauteng,EFT_OZOW,2024/06/17
RIDER_001167,Amina,Padayachee,27846219247,Cape Town,Western Cape,CREDIT_CARD,2023/09/10
RIDER_001168,Kayla,Cassim,27815075427,Vanderbijlpark,Gauteng,IN_APP_WALLET,2024/05/22
RIDER_001169,David,Moosa,27778263796,Pretoria,Gauteng,DEBIT_CARD,2024/09/05
RIDER_001170,David,Abrahams,27839627650,Johannesburg,Gauteng,EFT_OZOW,2023/10/12
RIDER_001171,Sbusiso,Isaacs,27741241602,Johannesburg,Gauteng,DEBIT_CARD,2025/04/27
RIDER_001172,Johan,Abrahams,27654522378,Potchefstroom,North West,DEBIT_CARD,2024/01/27
RIDER_001173,Tariq,Petersen,27815285840,Pretoria,Gauteng,EFT_OZOW,2025/05/24
RIDER_001174,Chad,Singh,27712290242,Vanderbijlpark,Gauteng,IN_APP_WALLET,2023/03/11
RIDER_001175,Sipho,Steyn,27808214082,Pretoria,Gauteng,DEBIT_CARD,2025/03/22
RIDER_001176,Ashley,Isaacs,27685997640,Johannesburg,Gauteng,CASH,2025/02/04
RIDER_001177,Mulalo,Julies,27656206071,Johannesburg,Gauteng,EFT_OZOW,2023/12/20
RIDER_001178,Dylan,Campbell,27696980200,Potchefstroom,North West,IN_APP_WALLET,2024/03/28
RIDER_001179,Rethabile,Ndlovu,27643550549,Gqeberha,Eastern Cape,IN_APP_WALLET,2023/06/21
RIDER_001180,Francois,Dawood,27756616519,Potchefstroom,North West,EFT_OZOW,2023/03/19
RIDER_001181,Pieter,du Plessis,27775264869,Durban,KwaZulu-Natal,CREDIT_CARD,2023/07/02
RIDER_001182,Monique,Dlamini,27672859530,Vanderbijlpark,Gauteng,EFT_OZOW,2024/08/22
RIDER_001183,Mpho,Chetty,27698561495,Potchefstroom,North West,EFT_OZOW,2025/04/05
RIDER_001184,Nandipha,Oosthuizen,27667257468,Gqeberha,Eastern Cape,CREDIT_CARD,2025/04/20
RIDER_001185,Katlego,Reddy,27737817695,Pretoria,Gauteng,EFT_OZOW,2024/12/16
RIDER_001186,Palesa,Davies,27742513130,Pretoria,Gauteng,EFT_OZOW,2023/08/19
RIDER_001187,Michael,Padayachee,27789440258,Cape Town,Western Cape,IN_APP_WALLET,2023/04/11
RIDER_001188,Mpho,Williams,27794617088,Potchefstroom,North West,DEBIT_CARD,2024/04/28
RIDER_001189,Stacy,Mthembu,27836046157,Pretoria,Gauteng,DEBIT_CARD,2023/02/16
RIDER_001190,Lesedi,Tau,27636138076,Pretoria,Gauteng,CREDIT_CARD,2024/04/20
RIDER_001191,Mpho,Ndlovu,27637234320,Potchefstroom,North West,CASH,2024/02/02
RIDER_001192,Suné,Mbalula,27706338649,Gqeberha,Eastern Cape,CASH,2023/02/12
RIDER_001193,Tebogo,Taylor,27788950895,Johannesburg,Gauteng,EFT_OZOW,2025/02/17
RIDER_001194,Devan,Julies,27733683420,Pretoria,Gauteng,CASH,2024/01/25
RIDER_001195,Michael,Tau,27808547842,Durban,KwaZulu-Natal,EFT_OZOW,2024/07/10
RIDER_001196,Ntsako,Khumalo,27782029152,Johannesburg,Gauteng,CREDIT_CARD,2023/04/07
RIDER_001197,Lerato,Harrison,27635988724,Vanderbijlpark,Gauteng,CASH,2023/12/22
RIDER_001198,Kayla,Mabena,27628339340,Gqeberha,Eastern Cape,EFT_OZOW,2023/07/15
RIDER_001199,Keanu,Mokoena,27845784205,Potchefstroom,North West,EFT_OZOW,2025/01/23
RIDER_001200,Kabelo,Miller,27614595459,Cape Town,Western Cape,IN_APP_WALLET,2023/09/16
