vehicle_id,driver_id,make,model,year,license_plate,category_type
VEH_00001,DRV_00001,Renault,Triber,2016,OQ 60 OG NW,Large Capacity (UberXL/Bolt XL)
VEH_00002,DRV_00002,Renault,Triber,2024,UY 26 SQ NW,Large Capacity (UberXL/Bolt XL)
VEH_00003,DRV_00003,Suzuki,Ertiga,2022,BQ 43 UX GP,Large Capacity (UberXL/Bolt XL)
VEH_00004,DRV_00004,Toyota,Avanza,2020,GP 80 FR NW,Large Capacity (UberXL/Bolt XL)
VEH_00005,DRV_00005,Toyota,Avanza,2023,XT 48 IW GP,Large Capacity (UberXL/Bolt XL)
VEH_00006,DRV_00006,Hyundai,Grand i10,2017,NS 20 DJ CA,Standard (UberX/Bolt)
VEH_00007,DRV_00007,BMW,3 Series,2017,GR 88 IK NW,Comfort (Uber Comfort)
VEH_00008,DRV_00008,Toyota,Avanza,2016,RZ 34 QJ NW,Large Capacity (UberXL/Bolt XL)
VEH_00009,DRV_00009,BMW,3 Series,2024,FY 66 WS CA,Comfort (Uber Comfort)
VEH_00010,DRV_00010,Toyota,Corolla Quest,2020,PJ 63 WF GP,Standard (UberX/Bolt)
VEH_00011,DRV_00011,Renault,Triber,2016,TE 17 GF NW,Large Capacity (UberXL/Bolt XL)
VEH_00012,DRV_00012,Kia,Picanto,2025,QG 73 LA NW,Standard (UberX/Bolt)
VEH_00013,DRV_00013,BMW,3 Series,2022,EQ 60 NF GP,Comfort (Uber Comfort)
VEH_00014,DRV_00014,Hyundai,Grand i10,2018,FS 34 YK GP,Standard (UberX/Bolt)
VEH_00015,DRV_00015,Toyota,Corolla Quest,2022,XA 92 WN NW,Standard (UberX/Bolt)
VEH_00016,DRV_00016,Suzuki,Ertiga,2018,RL 29 YL GP,Large Capacity (UberXL/Bolt XL)
VEH_00017,DRV_00017,Hyundai,Grand i10,2025,TB 99 WQ NW,Standard (UberX/Bolt)
VEH_00018,DRV_00018,Renault,Triber,2025,WA 80 PE GP,Large Capacity (UberXL/Bolt XL)
VEH_00019,DRV_00019,BMW,3 Series,2018,IQ 25 NC NW,Comfort (Uber Comfort)
VEH_00020,DRV_00020,Toyota,Avanza,2017,FM 13 UT NW,Large Capacity (UberXL/Bolt XL)
VEH_00021,DRV_00021,Kia,Picanto,2024,ZV 94 DR NW,Standard (UberX/Bolt)
VEH_00022,DRV_00022,Volkswagen,Polo Vivo,2019,LQ 16 IP NW,Standard (UberX/Bolt)
VEH_00023,DRV_00023,Nissan,Almera,2016,KB 19 ZI GP,Standard (UberX/Bolt)
VEH_00024,DRV_00024,BMW,3 Series,2022,OB 64 ON CA,Comfort (Uber Comfort)
VEH_00025,DRV_00025,BMW,3 Series,2017,HX 61 EN NW,Comfort (Uber Comfort)
VEH_00026,DRV_00026,Volkswagen,Polo Vivo,2017,QX 41 AF GP,Standard (UberX/Bolt)
VEH_00027,DRV_00027,BMW,3 Series,2022,PU 76 AN GP,Comfort (Uber Comfort)
VEH_00028,DRV_00028,Toyota,Corolla Quest,2025,AB 96 DU GP,Standard (UberX/Bolt)
VEH_00029,DRV_00029,Kia,Picanto,2022,KA 53 II GP,Standard (UberX/Bolt)
VEH_00030,DRV_00030,Kia,Picanto,2017,ML 63 KL GP,Standard (UberX/Bolt)
VEH_00031,DRV_00031,Hyundai,Grand i10,2016,KD 44 WR NW,Standard (UberX/Bolt)
VEH_00032,DRV_00032,Nissan,Almera,2018,JP 36 OS GP,Standard (UberX/Bolt)
VEH_00033,DRV_00033,Volkswagen,Polo Vivo,2023,DV 74 QU NW,Standard (UberX/Bolt)
VEH_00034,DRV_00034,Volkswagen,Polo Vivo,2016,UK 77 RW CA,Standard (UberX/Bolt)
VEH_00035,DRV_00035,Nissan,Almera,2025,IO 51 NU GP,Standard (UberX/Bolt)
VEH_00036,DRV_00036,Nissan,Almera,2018,VM 91 LC NW,Standard (UberX/Bolt)
VEH_00037,DRV_00037,Nissan,Almera,2018,JA 60 JQ GP,Standard (UberX/Bolt)
VEH_00038,DRV_00038,Renault,Triber,2024,UB 93 KQ NW,Large Capacity (UberXL/Bolt XL)
VEH_00039,DRV_00039,Renault,Triber,2017,FH 18 LW NW,Large Capacity (UberXL/Bolt XL)
VEH_00040,DRV_00040,Renault,Triber,2018,PW 65 XV GP,Large Capacity (UberXL/Bolt XL)
VEH_00041,DRV_00041,Hyundai,Grand i10,2021,ID 94 DF NW,Standard (UberX/Bolt)
VEH_00042,DRV_00042,Nissan,Almera,2022,WI 92 DP NW,Standard (UberX/Bolt)
VEH_00043,DRV_00043,Kia,Picanto,2017,NM 41 EU NW,Standard (UberX/Bolt)
VEH_00044,DRV_00044,Volkswagen,Polo Vivo,2025,HU 51 RR CA,Standard (UberX/Bolt)
VEH_00045,DRV_00045,Nissan,Almera,2023,OA 84 AQ NW,Standard (UberX/Bolt)
VEH_00046,DRV_00046,Volkswagen,Polo Vivo,2022,BG 54 UM CA,Standard (UberX/Bolt)
VEH_00047,DRV_00047,Volkswagen,Polo Vivo,2019,IS 22 GG GP,Standard (UberX/Bolt)
VEH_00048,DRV_00048,BMW,3 Series,2020,HA 36 DC NW,Comfort (Uber Comfort)
VEH_00049,DRV_00049,Kia,Picanto,2017,MQ 92 CZ NW,Standard (UberX/Bolt)
VEH_00050,DRV_00050,Volkswagen,Polo Vivo,2018,NL 29 YZ GP,Standard (UberX/Bolt)
VEH_00051,DRV_00051,Toyota,Avanza,2022,PL 29 RH NW,Large Capacity (UberXL/Bolt XL)
VEH_00052,DRV_00052,Volkswagen,Polo Vivo,2024,BR 47 KD GP,Standard (UberX/Bolt)
VEH_00053,DRV_00053,Kia,Picanto,2023,TO 62 IB CA,Standard (UberX/Bolt)
VEH_00054,DRV_00054,Suzuki,Ertiga,2020,FK 95 TB NW,Large Capacity (UberXL/Bolt XL)
VEH_00055,DRV_00055,BMW,3 Series,2019,NH 85 PV GP,Comfort (Uber Comfort)
VEH_00056,DRV_00056,Kia,Picanto,2017,QT 64 LV CA,Standard (UberX/Bolt)
VEH_00057,DRV_00057,Toyota,Avanza,2018,LQ 15 KN NW,Large Capacity (UberXL/Bolt XL)
VEH_00058,DRV_00058,Toyota,Corolla Quest,2017,CR 11 FO NW,Standard (UberX/Bolt)
VEH_00059,DRV_00059,Suzuki,Ertiga,2018,TX 25 XM NW,Large Capacity (UberXL/Bolt XL)
VEH_00060,DRV_00060,Toyota,Avanza,2019,GG 83 GO CA,Large Capacity (UberXL/Bolt XL)
VEH_00061,DRV_00061,Nissan,Almera,2025,IE 24 CP NW,Standard (UberX/Bolt)
VEH_00062,DRV_00062,Volkswagen,Polo Vivo,2021,EA 25 LN CA,Standard (UberX/Bolt)
VEH_00063,DRV_00063,Suzuki,Ertiga,2019,SC 67 LM CA,Large Capacity (UberXL/Bolt XL)
VEH_00064,DRV_00064,BMW,3 Series,2019,PS 98 KM NW,Comfort (Uber Comfort)
VEH_00065,DRV_00065,Nissan,Almera,2022,EZ 83 LT CA,Standard (UberX/Bolt)
VEH_00066,DRV_00066,Renault,Triber,2022,HM 32 TX GP,Large Capacity (UberXL/Bolt XL)
VEH_00067,DRV_00067,Hyundai,Grand i10,2020,EC 97 MP NW,Standard (UberX/Bolt)
VEH_00068,DRV_00068,Suzuki,Ertiga,2016,HB 14 IP NW,Large Capacity (UberXL/Bolt XL)
VEH_00069,DRV_00069,BMW,3 Series,2024,UT 29 ZW NW,Comfort (Uber Comfort)
VEH_00070,DRV_00070,Volkswagen,Polo Vivo,2017,LQ 85 ED NW,Standard (UberX/Bolt)
VEH_00071,DRV_00071,Kia,Picanto,2019,QB 31 YD GP,Standard (UberX/Bolt)
VEH_00072,DRV_00072,Toyota,Corolla Quest,2024,JJ 75 RQ GP,Standard (UberX/Bolt)
VEH_00073,DRV_00073,Nissan,Almera,2025,TM 68 WV NW,Standard (UberX/Bolt)
VEH_00074,DRV_00074,Hyundai,Grand i10,2022,KZ 62 WR CA,Standard (UberX/Bolt)
VEH_00075,DRV_00075,Suzuki,Ertiga,2023,XI 30 FW NW,Large Capacity (UberXL/Bolt XL)
VEH_00076,DRV_00076,BMW,3 Series,2025,SK 51 PU NW,Comfort (Uber Comfort)
VEH_00077,DRV_00077,Volkswagen,Polo Vivo,2023,NE 64 PJ GP,Standard (UberX/Bolt)
VEH_00078,DRV_00078,Suzuki,Ertiga,2022,JM 92 EJ NW,Large Capacity (UberXL/Bolt XL)
VEH_00079,DRV_00079,Toyota,Corolla Quest,2024,PA 43 IP CA,Standard (UberX/Bolt)
VEH_00080,DRV_00080,Renault,Triber,2019,SC 50 YT NW,Large Capacity (UberXL/Bolt XL)
VEH_00081,DRV_00081,Kia,Picanto,2021,NT 59 QO NW,Standard (UberX/Bolt)
VEH_00082,DRV_00082,BMW,3 Series,2018,EA 52 QU NW,Comfort (Uber Comfort)
VEH_00083,DRV_00083,Renault,Triber,2024,UC 77 QF CA,Large Capacity (UberXL/Bolt XL)
VEH_00084,DRV_00084,Renault,Triber,2019,EB 16 DY GP,Large Capacity (UberXL/Bolt XL)
VEH_00085,DRV_00085,Nissan,Almera,2020,NZ 70 TE NW,Standard (UberX/Bolt)
VEH_00086,DRV_00086,Suzuki,Ertiga,2020,UK 16 UF GP,Large Capacity (UberXL/Bolt XL)
VEH_00087,DRV_00087,Renault,Triber,2016,GO 19 HY CA,Large Capacity (UberXL/Bolt XL)
VEH_00088,DRV_00088,BMW,3 Series,2021,QO 67 JR NW,Comfort (Uber Comfort)
VEH_00089,DRV_00089,Hyundai,Grand i10,2019,RU 50 LS CA,Standard (UberX/Bolt)
VEH_00090,DRV_00090,Volkswagen,Polo Vivo,2021,JK 95 LQ CA,Standard (UberX/Bolt)
VEH_00091,DRV_00091,Toyota,Corolla Quest,2019,DA 14 TL NW,Standard (UberX/Bolt)
VEH_00092,DRV_00092,Kia,Picanto,2023,YB 24 UB NW,Standard (UberX/Bolt)
VEH_00093,DRV_00093,BMW,3 Series,2018,HC 52 HN GP,Comfort (Uber Comfort)
VEH_00094,DRV_00094,Suzuki,Ertiga,2016,UJ 28 FW GP,Large Capacity (UberXL/Bolt XL)
VEH_00095,DRV_00095,Toyota,Corolla Quest,2024,GH 67 DZ CA,Standard (UberX/Bolt)
VEH_00096,DRV_00096,Toyota,Avanza,2019,XH 84 ZH GP,Large Capacity (UberXL/Bolt XL)
VEH_00097,DRV_00097,Nissan,Almera,2025,WX 87 NX GP,Standard (UberX/Bolt)
VEH_00098,DRV_00098,Volkswagen,Polo Vivo,2020,PO 33 GI GP,Standard (UberX/Bolt)
VEH_00099,DRV_00099,Kia,Picanto,2020,TC 93 DG NW,Standard (UberX/Bolt)
VEH_00100,DRV_00100,BMW,3 Series,2022,UY 97 VA GP,Comfort (Uber Comfort)
VEH_00101,DRV_00101,Toyota,Corolla Quest,2021,EL 20 TK NW,Standard (UberX/Bolt)
VEH_00102,DRV_00102,Volkswagen,Polo Vivo,2025,IF 74 JH NW,Standard (UberX/Bolt)
VEH_00103,DRV_00103,BMW,3 Series,2017,FG 27 JA NW,Comfort (Uber Comfort)
VEH_00104,DRV_00104,Hyundai,Grand i10,2021,PP 61 XU GP,Standard (UberX/Bolt)
VEH_00105,DRV_00105,Renault,Triber,2025,VK 55 CB GP,Large Capacity (UberXL/Bolt XL)
VEH_00106,DRV_00106,Toyota,Avanza,2019,DA 91 WK GP,Large Capacity (UberXL/Bolt XL)
VEH_00107,DRV_00107,Toyota,Corolla Quest,2018,UE 22 BZ CA,Standard (UberX/Bolt)
VEH_00108,DRV_00108,Kia,Picanto,2025,CU 29 SG GP,Standard (UberX/Bolt)
VEH_00109,DRV_00109,Toyota,Avanza,2016,XT 83 ZB NW,Large Capacity (UberXL/Bolt XL)
VEH_00110,DRV_00110,Renault,Triber,2018,VD 41 JW CA,Large Capacity (UberXL/Bolt XL)
VEH_00111,DRV_00111,Toyota,Corolla Quest,2017,SH 86 CM GP,Standard (UberX/Bolt)
VEH_00112,DRV_00112,Nissan,Almera,2021,NN 82 UF NW,Standard (UberX/Bolt)
VEH_00113,DRV_00113,Toyota,Corolla Quest,2019,TS 38 BO CA,Standard (UberX/Bolt)
VEH_00114,DRV_00114,Nissan,Almera,2025,JY 19 JL GP,Standard (UberX/Bolt)
VEH_00115,DRV_00115,Nissan,Almera,2017,WV 46 SN NW,Standard (UberX/Bolt)
VEH_00116,DRV_00116,Kia,Picanto,2024,BQ 75 FO NW,Standard (UberX/Bolt)
VEH_00117,DRV_00117,Toyota,Avanza,2018,FZ 30 UI NW,Large Capacity (UberXL/Bolt XL)
VEH_00118,DRV_00118,BMW,3 Series,2025,CD 15 TS CA,Comfort (Uber Comfort)
VEH_00119,DRV_00119,Suzuki,Ertiga,2020,KJ 34 CX NW,Large Capacity (UberXL/Bolt XL)
VEH_00120,DRV_00120,Renault,Triber,2016,KY 59 OW GP,Large Capacity (UberXL/Bolt XL)
VEH_00121,DRV_00121,Renault,Triber,2019,YS 47 LA CA,Large Capacity (UberXL/Bolt XL)
VEH_00122,DRV_00122,Renault,Triber,2018,JW 69 CA GP,Large Capacity (UberXL/Bolt XL)
VEH_00123,DRV_00123,Toyota,Corolla Quest,2018,NS 91 HV CA,Standard (UberX/Bolt)
VEH_00124,DRV_00124,Nissan,Almera,2025,DQ 48 VV NW,Standard (UberX/Bolt)
VEH_00125,DRV_00125,Volkswagen,Polo Vivo,2023,LY 57 NQ NW,Standard (UberX/Bolt)
VEH_00126,DRV_00126,Toyota,Avanza,2018,NI 70 DN NW,Large Capacity (UberXL/Bolt XL)
VEH_00127,DRV_00127,Volkswagen,Polo Vivo,2018,HW 14 NT NW,Standard (UberX/Bolt)
VEH_00128,DRV_00128,Hyundai,Grand i10,2020,HE 26 FK GP,Standard (UberX/Bolt)
VEH_00129,DRV_00129,Toyota,Avanza,2018,JF 10 NM GP,Large Capacity (UberXL/Bolt XL)
VEH_00130,DRV_00130,Renault,Triber,2016,HI 46 IP NW,Large Capacity (UberXL/Bolt XL)
VEH_00131,DRV_00131,BMW,3 Series,2016,QR 45 TP NW,Comfort (Uber Comfort)
VEH_00132,DRV_00132,Nissan,Almera,2016,HJ 42 YM CA,Standard (UberX/Bolt)
VEH_00133,DRV_00133,Hyundai,Grand i10,2017,XV 39 JY GP,Standard (UberX/Bolt)
VEH_00134,DRV_00134,Toyota,Corolla Quest,2023,OX 83 DV GP,Standard (UberX/Bolt)
VEH_00135,DRV_00135,Nissan,Almera,2019,DN 19 DB GP,Standard (UberX/Bolt)
VEH_00136,DRV_00136,Volkswagen,Polo Vivo,2018,DD 24 KG NW,Standard (UberX/Bolt)
VEH_00137,DRV_00137,Toyota,Avanza,2018,YP 76 IA GP,Large Capacity (UberXL/Bolt XL)
VEH_00138,DRV_00138,Renault,Triber,2016,OC 92 WQ NW,Large Capacity (UberXL/Bolt XL)
VEH_00139,DRV_00139,Kia,Picanto,2016,RX 23 LF NW,Standard (UberX/Bolt)
VEH_00140,DRV_00140,Volkswagen,Polo Vivo,2021,OT 12 AH NW,Standard (UberX/Bolt)
VEH_00141,DRV_00141,Renault,Triber,2022,ZT 15 LN NW,Large Capacity (UberXL/Bolt XL)
VEH_00142,DRV_00142,BMW,3 Series,2025,UN 95 CU NW,Comfort (Uber Comfort)
VEH_00143,DRV_00143,Toyota,Corolla Quest,2020,IJ 10 UG CA,Standard (UberX/Bolt)
VEH_00144,DRV_00144,Hyundai,Grand i10,2025,PI 74 IE CA,Standard (UberX/Bolt)
VEH_00145,DRV_00145,Hyundai,Grand i10,2018,DN 50 OE CA,Standard (UberX/Bolt)
VEH_00146,DRV_00146,Renault,Triber,2016,FD 84 PK GP,Large Capacity (UberXL/Bolt XL)
VEH_00147,DRV_00147,Kia,Picanto,2017,DL 39 DU CA,Standard (UberX/Bolt)
VEH_00148,DRV_00148,Toyota,Corolla Quest,2017,IL 17 IR GP,Standard (UberX/Bolt)
VEH_00149,DRV_00149,Renault,Triber,2022,PB 83 VE NW,Large Capacity (UberXL/Bolt XL)
VEH_00150,DRV_00150,Toyota,Avanza,2021,GT 70 QT NW,Large Capacity (UberXL/Bolt XL)
VEH_00151,DRV_00151,Toyota,Corolla Quest,2018,IO 61 ST GP,Standard (UberX/Bolt)
VEH_00152,DRV_00152,Toyota,Avanza,2018,ET 10 YR NW,Large Capacity (UberXL/Bolt XL)
VEH_00153,DRV_00153,Toyota,Avanza,2017,LZ 20 RC GP,Large Capacity (UberXL/Bolt XL)
VEH_00154,DRV_00154,Hyundai,Grand i10,2024,TY 12 JQ CA,Standard (UberX/Bolt)
VEH_00155,DRV_00155,Toyota,Avanza,2020,BB 34 UB NW,Large Capacity (UberXL/Bolt XL)
VEH_00156,DRV_00156,Renault,Triber,2022,PW 81 AW NW,Large Capacity (UberXL/Bolt XL)
VEH_00157,DRV_00157,Toyota,Avanza,2019,CU 11 CS NW,Large Capacity (UberXL/Bolt XL)
VEH_00158,DRV_00158,Kia,Picanto,2021,BZ 63 DF GP,Standard (UberX/Bolt)
VEH_00159,DRV_00159,Toyota,Avanza,2019,VS 27 IN NW,Large Capacity (UberXL/Bolt XL)
VEH_00160,DRV_00160,Hyundai,Grand i10,2023,RC 34 MC CA,Standard (UberX/Bolt)
VEH_00161,DRV_00161,Toyota,Avanza,2023,EW 33 GJ CA,Large Capacity (UberXL/Bolt XL)
VEH_00162,DRV_00162,Renault,Triber,2016,FW 28 WG GP,Large Capacity (UberXL/Bolt XL)
VEH_00163,DRV_00163,Renault,Triber,2019,XV 32 AJ GP,Large Capacity (UberXL/Bolt XL)
VEH_00164,DRV_00164,Hyundai,Grand i10,2025,WO 10 IA GP,Standard (UberX/Bolt)
VEH_00165,DRV_00165,Toyota,Corolla Quest,2019,RE 83 YP CA,Standard (UberX/Bolt)
VEH_00166,DRV_00166,Suzuki,Ertiga,2024,WP 95 VR NW,Large Capacity (UberXL/Bolt XL)
VEH_00167,DRV_00167,Hyundai,Grand i10,2020,SZ 13 EH NW,Standard (UberX/Bolt)
VEH_00168,DRV_00168,Suzuki,Ertiga,2022,VJ 16 JM GP,Large Capacity (UberXL/Bolt XL)
VEH_00169,DRV_00169,Suzuki,Ertiga,2025,KO 30 MQ GP,Large Capacity (UberXL/Bolt XL)
VEH_00170,DRV_00170,Renault,Triber,2025,JD 82 FV GP,Large Capacity (UberXL/Bolt XL)
VEH_00171,DRV_00171,Nissan,Almera,2021,CP 27 XP GP,Standard (UberX/Bolt)
VEH_00172,DRV_00172,Toyota,Avanza,2017,MN 98 RZ CA,Large Capacity (UberXL/Bolt XL)
VEH_00173,DRV_00173,Toyota,Avanza,2022,WW 18 BO GP,Large Capacity (UberXL/Bolt XL)
VEH_00174,DRV_00174,Nissan,Almera,2024,IV 61 NC CA,Standard (UberX/Bolt)
VEH_00175,DRV_00175,Toyota,Corolla Quest,2016,GM 45 HL NW,Standard (UberX/Bolt)
VEH_00176,DRV_00176,Suzuki,Ertiga,2020,VS 61 ZQ CA,Large Capacity (UberXL/Bolt XL)
VEH_00177,DRV_00177,Hyundai,Grand i10,2019,IW 55 WL NW,Standard (UberX/Bolt)
VEH_00178,DRV_00178,BMW,3 Series,2019,WR 26 VZ GP,Comfort (Uber Comfort)
VEH_00179,DRV_00179,Suzuki,Ertiga,2021,BZ 44 NX NW,Large Capacity (UberXL/Bolt XL)
VEH_00180,DRV_00180,Hyundai,Grand i10,2018,VA 91 FC GP,Standard (UberX/Bolt)
VEH_00181,DRV_00181,Suzuki,Ertiga,2020,NO 92 RK NW,Large Capacity (UberXL/Bolt XL)
VEH_00182,DRV_00182,Toyota,Avanza,2016,SW 38 SI GP,Large Capacity (UberXL/Bolt XL)
VEH_00183,DRV_00183,Volkswagen,Polo Vivo,2022,CR 76 DO NW,Standard (UberX/Bolt)
VEH_00184,DRV_00184,Suzuki,Ertiga,2019,RS 55 QS GP,Large Capacity (UberXL/Bolt XL)
VEH_00185,DRV_00185,Renault,Triber,2017,KF 11 KY GP,Large Capacity (UberXL/Bolt XL)
VEH_00186,DRV_00186,Toyota,Corolla Quest,2023,DU 86 MR GP,Standard (UberX/Bolt)
VEH_00187,DRV_00187,Suzuki,Ertiga,2022,HM 43 TM GP,Large Capacity (UberXL/Bolt XL)
VEH_00188,DRV_00188,Toyota,Corolla Quest,2023,YE 16 ZN NW,Standard (UberX/Bolt)
VEH_00189,DRV_00189,Volkswagen,Polo Vivo,2024,VO 73 GZ CA,Standard (UberX/Bolt)
VEH_00190,DRV_00190,Kia,Picanto,2021,AF 69 FW GP,Standard (UberX/Bolt)
VEH_00191,DRV_00191,Toyota,Avanza,2021,RK 20 UI GP,Large Capacity (UberXL/Bolt XL)
VEH_00192,DRV_00192,BMW,3 Series,2023,HJ 63 SF CA,Comfort (Uber Comfort)
VEH_00193,DRV_00193,Renault,Triber,2021,TL 31 OX GP,Large Capacity (UberXL/Bolt XL)
VEH_00194,DRV_00194,Toyota,Corolla Quest,2021,KC 61 GD GP,Standard (UberX/Bolt)
VEH_00195,DRV_00195,Toyota,Corolla Quest,2016,LO 42 WC NW,Standard (UberX/Bolt)
VEH_00196,DRV_00196,Suzuki,Ertiga,2018,BV 17 UA NW,Large Capacity (UberXL/Bolt XL)
VEH_00197,DRV_00197,Kia,Picanto,2018,AZ 29 YX CA,Standard (UberX/Bolt)
VEH_00198,DRV_00198,Toyota,Avanza,2022,ZK 82 NS GP,Large Capacity (UberXL/Bolt XL)
VEH_00199,DRV_00199,Volkswagen,Polo Vivo,2020,VW 68 NE GP,Standard (UberX/Bolt)
VEH_00200,DRV_00200,Toyota,Avanza,2019,DP 86 MX NW,Large Capacity (UberXL/Bolt XL)
VEH_00201,DRV_00201,Volkswagen,Polo Vivo,2023,XX 89 CM GP,Standard (UberX/Bolt)
VEH_00202,DRV_00202,BMW,3 Series,2016,YY 90 OD CA,Comfort (Uber Comfort)
VEH_00203,DRV_00203,Kia,Picanto,2023,IJ 61 ZS NW,Standard (UberX/Bolt)
VEH_00204,DRV_00204,Kia,Picanto,2024,CX 12 WL GP,Standard (UberX/Bolt)
VEH_00205,DRV_00205,Kia,Picanto,2024,XQ 26 HO NW,Standard (UberX/Bolt)
VEH_00206,DRV_00206,BMW,3 Series,2020,QS 57 GA GP,Comfort (Uber Comfort)
VEH_00207,DRV_00207,Renault,Triber,2019,FK 78 JS GP,Large Capacity (UberXL/Bolt XL)
VEH_00208,DRV_00208,Volkswagen,Polo Vivo,2020,MN 84 PD NW,Standard (UberX/Bolt)
VEH_00209,DRV_00209,Renault,Triber,2016,UF 13 XE NW,Large Capacity (UberXL/Bolt XL)
VEH_00210,DRV_00210,Volkswagen,Polo Vivo,2025,VZ 52 VD GP,Standard (UberX/Bolt)
VEH_00211,DRV_00211,Volkswagen,Polo Vivo,2023,MK 62 VB GP,Standard (UberX/Bolt)
VEH_00212,DRV_00212,Toyota,Avanza,2019,QQ 41 AN GP,Large Capacity (UberXL/Bolt XL)
VEH_00213,DRV_00213,Renault,Triber,2023,LX 52 LI GP,Large Capacity (UberXL/Bolt XL)
VEH_00214,DRV_00214,Toyota,Corolla Quest,2019,SW 32 BV GP,Standard (UberX/Bolt)
VEH_00215,DRV_00215,Toyota,Avanza,2025,TF 12 QJ NW,Large Capacity (UberXL/Bolt XL)
VEH_00216,DRV_00216,Hyundai,Grand i10,2021,XD 21 JU GP,Standard (UberX/Bolt)
VEH_00217,DRV_00217,Renault,Triber,2017,AO 57 BA NW,Large Capacity (UberXL/Bolt XL)
VEH_00218,DRV_00218,Suzuki,Ertiga,2021,QQ 63 IR NW,Large Capacity (UberXL/Bolt XL)
VEH_00219,DRV_00219,Suzuki,Ertiga,2022,MM 99 IH CA,Large Capacity (UberXL/Bolt XL)
VEH_00220,DRV_00220,Hyundai,Grand i10,2016,ZL 24 ET GP,Standard (UberX/Bolt)
VEH_00221,DRV_00221,Volkswagen,Polo Vivo,2022,QB 74 CH GP,Standard (UberX/Bolt)
VEH_00222,DRV_00222,Nissan,Almera,2021,ZA 93 HQ NW,Standard (UberX/Bolt)
VEH_00223,DRV_00223,Renault,Triber,2017,EX 87 XD CA,Large Capacity (UberXL/Bolt XL)
VEH_00224,DRV_00224,BMW,3 Series,2016,SJ 26 GL NW,Comfort (Uber Comfort)
VEH_00225,DRV_00225,Toyota,Avanza,2018,YI 35 VY NW,Large Capacity (UberXL/Bolt XL)
VEH_00226,DRV_00226,Suzuki,Ertiga,2022,RY 98 KE NW,Large Capacity (UberXL/Bolt XL)
VEH_00227,DRV_00227,Volkswagen,Polo Vivo,2025,RU 25 VF NW,Standard (UberX/Bolt)
VEH_00228,DRV_00228,Renault,Triber,2023,UT 80 WV CA,Large Capacity (UberXL/Bolt XL)
VEH_00229,DRV_00229,Nissan,Almera,2025,FV 24 HT NW,Standard (UberX/Bolt)
VEH_00230,DRV_00230,Toyota,Corolla Quest,2019,KW 77 WE NW,Standard (UberX/Bolt)
VEH_00231,DRV_00231,Suzuki,Ertiga,2019,ZI 26 JP NW,Large Capacity (UberXL/Bolt XL)
VEH_00232,DRV_00232,Toyota,Corolla Quest,2019,PM 70 GK GP,Standard (UberX/Bolt)
VEH_00233,DRV_00233,Hyundai,Grand i10,2022,EW 75 SI CA,Standard (UberX/Bolt)
VEH_00234,DRV_00234,Hyundai,Grand i10,2017,KF 75 HM NW,Standard (UberX/Bolt)
VEH_00235,DRV_00235,Nissan,Almera,2023,DT 98 EW NW,Standard (UberX/Bolt)
VEH_00236,DRV_00236,Suzuki,Ertiga,2024,IZ 32 KP GP,Large Capacity (UberXL/Bolt XL)
VEH_00237,DRV_00237,Volkswagen,Polo Vivo,2022,DQ 30 UY NW,Standard (UberX/Bolt)
VEH_00238,DRV_00238,Kia,Picanto,2021,KX 50 KV NW,Standard (UberX/Bolt)
VEH_00239,DRV_00239,Toyota,Avanza,2023,DK 74 OL NW,Large Capacity (UberXL/Bolt XL)
VEH_00240,DRV_00240,Suzuki,Ertiga,2025,HV 50 HO GP,Large Capacity (UberXL/Bolt XL)
VEH_00241,DRV_00241,Toyota,Avanza,2019,UT 54 QD GP,Large Capacity (UberXL/Bolt XL)
VEH_00242,DRV_00242,Volkswagen,Polo Vivo,2017,RK 32 CG GP,Standard (UberX/Bolt)
VEH_00243,DRV_00243,Renault,Triber,2016,EA 46 RK GP,Large Capacity (UberXL/Bolt XL)
VEH_00244,DRV_00244,Renault,Triber,2021,BR 45 OJ NW,Large Capacity (UberXL/Bolt XL)
VEH_00245,DRV_00245,BMW,3 Series,2024,NJ 22 FT NW,Comfort (Uber Comfort)
VEH_00246,DRV_00246,Toyota,Corolla Quest,2018,JD 67 NC NW,Standard (UberX/Bolt)
VEH_00247,DRV_00247,BMW,3 Series,2022,DY 45 PN CA,Comfort (Uber Comfort)
VEH_00248,DRV_00248,Toyota,Avanza,2018,OK 52 KG NW,Large Capacity (UberXL/Bolt XL)
VEH_00249,DRV_00249,Hyundai,Grand i10,2025,DF 10 SU GP,Standard (UberX/Bolt)
VEH_00250,DRV_00250,Renault,Triber,2025,JK 61 LV GP,Large Capacity (UberXL/Bolt XL)
VEH_00251,DRV_00251,Hyundai,Grand i10,2020,NN 29 GS NW,Standard (UberX/Bolt)
VEH_00252,DRV_00252,Toyota,Avanza,2016,GB 53 XP GP,Large Capacity (UberXL/Bolt XL)
VEH_00253,DRV_00253,BMW,3 Series,2017,SK 68 ZN CA,Comfort (Uber Comfort)
VEH_00254,DRV_00254,Suzuki,Ertiga,2021,OX 37 GI NW,Large Capacity (UberXL/Bolt XL)
VEH_00255,DRV_00255,Toyota,Avanza,2018,GO 27 DO GP,Large Capacity (UberXL/Bolt XL)
VEH_00256,DRV_00256,BMW,3 Series,2021,QE 90 XI NW,Comfort (Uber Comfort)
VEH_00257,DRV_00257,Hyundai,Grand i10,2020,IK 22 JY GP,Standard (UberX/Bolt)
VEH_00258,DRV_00258,BMW,3 Series,2017,PP 89 YT GP,Comfort (Uber Comfort)
VEH_00259,DRV_00259,BMW,3 Series,2023,HH 89 FG GP,Comfort (Uber Comfort)
VEH_00260,DRV_00260,Renault,Triber,2018,UD 93 CT NW,Large Capacity (UberXL/Bolt XL)
VEH_00261,DRV_00261,Toyota,Avanza,2016,BL 85 IT NW,Large Capacity (UberXL/Bolt XL)
VEH_00262,DRV_00262,BMW,3 Series,2023,KQ 35 QJ NW,Comfort (Uber Comfort)
VEH_00263,DRV_00263,Volkswagen,Polo Vivo,2024,YN 22 VC NW,Standard (UberX/Bolt)
VEH_00264,DRV_00264,BMW,3 Series,2019,GQ 76 IJ GP,Comfort (Uber Comfort)
VEH_00265,DRV_00265,Hyundai,Grand i10,2020,JI 41 EU NW,Standard (UberX/Bolt)
VEH_00266,DRV_00266,Volkswagen,Polo Vivo,2020,AG 15 GR NW,Standard (UberX/Bolt)
VEH_00267,DRV_00267,Suzuki,Ertiga,2022,EN 72 ZL NW,Large Capacity (UberXL/Bolt XL)
VEH_00268,DRV_00268,Volkswagen,Polo Vivo,2017,ST 28 HD NW,Standard (UberX/Bolt)
VEH_00269,DRV_00269,BMW,3 Series,2018,OU 69 TV GP,Comfort (Uber Comfort)
VEH_00270,DRV_00270,Renault,Triber,2022,YR 14 GA NW,Large Capacity (UberXL/Bolt XL)
VEH_00271,DRV_00271,BMW,3 Series,2024,KV 61 WB GP,Comfort (Uber Comfort)
VEH_00272,DRV_00272,Suzuki,Ertiga,2019,MJ 13 RA NW,Large Capacity (UberXL/Bolt XL)
VEH_00273,DRV_00273,Kia,Picanto,2024,MP 59 DE GP,Standard (UberX/Bolt)
VEH_00274,DRV_00274,BMW,3 Series,2021,AD 73 CY NW,Comfort (Uber Comfort)
VEH_00275,DRV_00275,Nissan,Almera,2024,MJ 81 CP CA,Standard (UberX/Bolt)
VEH_00276,DRV_00276,Kia,Picanto,2018,BV 82 LF NW,Standard (UberX/Bolt)
VEH_00277,DRV_00277,Hyundai,Grand i10,2018,HE 89 OR NW,Standard (UberX/Bolt)
VEH_00278,DRV_00278,Renault,Triber,2020,MQ 69 EX NW,Large Capacity (UberXL/Bolt XL)
VEH_00279,DRV_00279,Hyundai,Grand i10,2017,UN 16 CA GP,Standard (UberX/Bolt)
VEH_00280,DRV_00280,Suzuki,Ertiga,2016,DQ 30 CD GP,Large Capacity (UberXL/Bolt XL)
VEH_00281,DRV_00281,Hyundai,Grand i10,2019,DA 65 RO GP,Standard (UberX/Bolt)
VEH_00282,DRV_00282,Kia,Picanto,2025,VW 36 MG NW,Standard (UberX/Bolt)
VEH_00283,DRV_00283,Renault,Triber,2025,EG 89 VD GP,Large Capacity (UberXL/Bolt XL)
VEH_00284,DRV_00284,Volkswagen,Polo Vivo,2023,OK 32 YH GP,Standard (UberX/Bolt)
VEH_00285,DRV_00285,Hyundai,Grand i10,2024,GU 58 LW CA,Standard (UberX/Bolt)
VEH_00286,DRV_00286,Volkswagen,Polo Vivo,2018,WO 56 KC CA,Standard (UberX/Bolt)
VEH_00287,DRV_00287,Nissan,Almera,2016,CI 65 HD NW,Standard (UberX/Bolt)
VEH_00288,DRV_00288,Hyundai,Grand i10,2017,OH 64 BW NW,Standard (UberX/Bolt)
VEH_00289,DRV_00289,Hyundai,Grand i10,2024,IM 30 DZ GP,Standard (UberX/Bolt)
VEH_00290,DRV_00290,Volkswagen,Polo Vivo,2023,EJ 50 DE CA,Standard (UberX/Bolt)
VEH_00291,DRV_00291,Kia,Picanto,2018,MN 92 PB GP,Standard (UberX/Bolt)
VEH_00292,DRV_00292,Toyota,Corolla Quest,2017,EB 78 VP GP,Standard (UberX/Bolt)
VEH_00293,DRV_00293,Volkswagen,Polo Vivo,2016,OI 34 TK CA,Standard (UberX/Bolt)
VEH_00294,DRV_00294,Suzuki,Ertiga,2023,EA 14 GH GP,Large Capacity (UberXL/Bolt XL)
VEH_00295,DRV_00295,Nissan,Almera,2016,HI 73 OM GP,Standard (UberX/Bolt)
VEH_00296,DRV_00296,Kia,Picanto,2018,IK 64 DV GP,Standard (UberX/Bolt)
VEH_00297,DRV_00297,Toyota,Avanza,2021,WG 20 TH CA,Large Capacity (UberXL/Bolt XL)
VEH_00298,DRV_00298,BMW,3 Series,2019,XT 17 HP GP,Comfort (Uber Comfort)
VEH_00299,DRV_00299,Volkswagen,Polo Vivo,2024,AU 52 MH CA,Standard (UberX/Bolt)
VEH_00300,DRV_00300,Volkswagen,Polo Vivo,2021,MP 19 FL GP,Standard (UberX/Bolt)
VEH_00301,DRV_00301,Hyundai,Grand i10,2022,FL 77 GT NW,Standard (UberX/Bolt)
VEH_00302,DRV_00302,BMW,3 Series,2024,JK 38 UT GP,Comfort (Uber Comfort)
VEH_00303,DRV_00303,BMW,3 Series,2024,PL 31 ER NW,Comfort (Uber Comfort)
VEH_00304,DRV_00304,Volkswagen,Polo Vivo,2023,ME 37 AK NW,Standard (UberX/Bolt)
VEH_00305,DRV_00305,Renault,Triber,2020,YZ 53 NQ NW,Large Capacity (UberXL/Bolt XL)
VEH_00306,DRV_00306,Suzuki,Ertiga,2023,NN 50 JE GP,Large Capacity (UberXL/Bolt XL)
VEH_00307,DRV_00307,BMW,3 Series,2020,IK 79 FH GP,Comfort (Uber Comfort)
VEH_00308,DRV_00308,Toyota,Corolla Quest,2018,TD 31 HB GP,Standard (UberX/Bolt)
VEH_00309,DRV_00309,Toyota,Avanza,2020,WN 28 LW NW,Large Capacity (UberXL/Bolt XL)
VEH_00310,DRV_00310,Toyota,Corolla Quest,2024,IL 45 UD GP,Standard (UberX/Bolt)
VEH_00311,DRV_00311,Renault,Triber,2019,RD 90 GZ GP,Large Capacity (UberXL/Bolt XL)
VEH_00312,DRV_00312,Volkswagen,Polo Vivo,2019,OG 22 TS CA,Standard (UberX/Bolt)
VEH_00313,DRV_00313,Renault,Triber,2019,GD 68 VU GP,Large Capacity (UberXL/Bolt XL)
VEH_00314,DRV_00314,BMW,3 Series,2017,AI 21 DY NW,Comfort (Uber Comfort)
VEH_00315,DRV_00315,Volkswagen,Polo Vivo,2022,MI 25 HT NW,Standard (UberX/Bolt)
VEH_00316,DRV_00316,Hyundai,Grand i10,2016,VP 53 OV NW,Standard (UberX/Bolt)
VEH_00317,DRV_00317,Hyundai,Grand i10,2025,TQ 31 FH GP,Standard (UberX/Bolt)
VEH_00318,DRV_00318,Renault,Triber,2023,ZD 13 BN GP,Large Capacity (UberXL/Bolt XL)
VEH_00319,DRV_00319,Toyota,Corolla Quest,2020,VZ 12 SD NW,Standard (UberX/Bolt)
VEH_00320,DRV_00320,Toyota,Corolla Quest,2022,ZO 55 CG GP,Standard (UberX/Bolt)
VEH_00321,DRV_00321,Toyota,Avanza,2023,NJ 78 JS GP,Large Capacity (UberXL/Bolt XL)
VEH_00322,DRV_00322,Volkswagen,Polo Vivo,2022,YU 63 AC NW,Standard (UberX/Bolt)
VEH_00323,DRV_00323,Hyundai,Grand i10,2020,YJ 94 VX NW,Standard (UberX/Bolt)
VEH_00324,DRV_00324,Renault,Triber,2019,AV 82 SS GP,Large Capacity (UberXL/Bolt XL)
VEH_00325,DRV_00325,Renault,Triber,2023,IG 78 IS GP,Large Capacity (UberXL/Bolt XL)
VEH_00326,DRV_00326,BMW,3 Series,2017,LV 47 TO CA,Comfort (Uber Comfort)
VEH_00327,DRV_00327,Suzuki,Ertiga,2021,NK 10 RS NW,Large Capacity (UberXL/Bolt XL)
VEH_00328,DRV_00328,Nissan,Almera,2019,HF 98 HB NW,Standard (UberX/Bolt)
VEH_00329,DRV_00329,Kia,Picanto,2023,CC 89 OF NW,Standard (UberX/Bolt)
VEH_00330,DRV_00330,Renault,Triber,2023,MC 92 QD NW,Large Capacity (UberXL/Bolt XL)
VEH_00331,DRV_00331,Renault,Triber,2023,BQ 35 TZ NW,Large Capacity (UberXL/Bolt XL)
VEH_00332,DRV_00332,BMW,3 Series,2022,ZR 40 ZD GP,Comfort (Uber Comfort)
VEH_00333,DRV_00333,BMW,3 Series,2022,TK 77 JM GP,Comfort (Uber Comfort)
VEH_00334,DRV_00334,Volkswagen,Polo Vivo,2022,ZI 57 TK NW,Standard (UberX/Bolt)
VEH_00335,DRV_00335,Suzuki,Ertiga,2021,BE 84 KP CA,Large Capacity (UberXL/Bolt XL)
VEH_00336,DRV_00336,BMW,3 Series,2021,VD 74 VF GP,Comfort (Uber Comfort)
VEH_00337,DRV_00337,Hyundai,Grand i10,2025,NI 12 CY GP,Standard (UberX/Bolt)
VEH_00338,DRV_00338,Kia,Picanto,2022,WU 53 JQ GP,Standard (UberX/Bolt)
VEH_00339,DRV_00339,Toyota,Avanza,2018,EO 37 GP GP,Large Capacity (UberXL/Bolt XL)
VEH_00340,DRV_00340,Suzuki,Ertiga,2017,ZP 76 QG NW,Large Capacity (UberXL/Bolt XL)
VEH_00341,DRV_00341,Renault,Triber,2016,HO 59 JP NW,Large Capacity (UberXL/Bolt XL)
VEH_00342,DRV_00342,Kia,Picanto,2019,KE 79 YI GP,Standard (UberX/Bolt)
VEH_00343,DRV_00343,Nissan,Almera,2022,JY 33 DX GP,Standard (UberX/Bolt)
VEH_00344,DRV_00344,Renault,Triber,2018,VS 47 RO GP,Large Capacity (UberXL/Bolt XL)
VEH_00345,DRV_00345,Renault,Triber,2018,FL 34 CN CA,Large Capacity (UberXL/Bolt XL)
VEH_00346,DRV_00346,Toyota,Avanza,2020,AM 67 VE GP,Large Capacity (UberXL/Bolt XL)
VEH_00347,DRV_00347,Hyundai,Grand i10,2019,GK 38 PI NW,Standard (UberX/Bolt)
VEH_00348,DRV_00348,Renault,Triber,2020,FE 23 SY GP,Large Capacity (UberXL/Bolt XL)
VEH_00349,DRV_00349,Renault,Triber,2022,MT 17 WS NW,Large Capacity (UberXL/Bolt XL)
VEH_00350,DRV_00350,Volkswagen,Polo Vivo,2022,WE 31 ZI NW,Standard (UberX/Bolt)
VEH_00351,DRV_00351,BMW,3 Series,2016,VH 15 TN GP,Comfort (Uber Comfort)
VEH_00352,DRV_00352,Kia,Picanto,2025,AY 57 SX CA,Standard (UberX/Bolt)
VEH_00353,DRV_00353,Volkswagen,Polo Vivo,2024,DV 50 DY NW,Standard (UberX/Bolt)
VEH_00354,DRV_00354,Toyota,Corolla Quest,2017,DP 94 OH GP,Standard (UberX/Bolt)
VEH_00355,DRV_00355,Hyundai,Grand i10,2024,FC 25 RU NW,Standard (UberX/Bolt)
VEH_00356,DRV_00356,Hyundai,Grand i10,2018,HT 42 HL GP,Standard (UberX/Bolt)
VEH_00357,DRV_00357,Volkswagen,Polo Vivo,2019,CW 95 YG NW,Standard (UberX/Bolt)
VEH_00358,DRV_00358,Kia,Picanto,2020,UX 84 BL NW,Standard (UberX/Bolt)
VEH_00359,DRV_00359,Hyundai,Grand i10,2019,AK 16 TF CA,Standard (UberX/Bolt)
VEH_00360,DRV_00360,Kia,Picanto,2019,JJ 79 BW NW,Standard (UberX/Bolt)
VEH_00361,DRV_00361,Hyundai,Grand i10,2023,TJ 52 VW NW,Standard (UberX/Bolt)
VEH_00362,DRV_00362,BMW,3 Series,2022,LI 81 TC NW,Comfort (Uber Comfort)
VEH_00363,DRV_00363,Renault,Triber,2017,EX 83 WZ GP,Large Capacity (UberXL/Bolt XL)
VEH_00364,DRV_00364,Toyota,Avanza,2025,CY 14 CG GP,Large Capacity (UberXL/Bolt XL)
VEH_00365,DRV_00365,Volkswagen,Polo Vivo,2019,JE 67 VE CA,Standard (UberX/Bolt)
VEH_00366,DRV_00366,Nissan,Almera,2020,NO 56 SD NW,Standard (UberX/Bolt)
VEH_00367,DRV_00367,Nissan,Almera,2020,NB 66 QG GP,Standard (UberX/Bolt)
VEH_00368,DRV_00368,Toyota,Avanza,2025,SP 89 RC NW,Large Capacity (UberXL/Bolt XL)
VEH_00369,DRV_00369,BMW,3 Series,2017,RV 40 DU GP,Comfort (Uber Comfort)
VEH_00370,DRV_00370,Toyota,Avanza,2019,GP 57 WL CA,Large Capacity (UberXL/Bolt XL)
VEH_00371,DRV_00371,Toyota,Avanza,2022,ND 16 IV GP,Large Capacity (UberXL/Bolt XL)
VEH_00372,DRV_00372,Volkswagen,Polo Vivo,2022,AZ 95 MW CA,Standard (UberX/Bolt)
VEH_00373,DRV_00373,Nissan,Almera,2017,ZL 58 TV GP,Standard (UberX/Bolt)
VEH_00374,DRV_00374,Hyundai,Grand i10,2016,TX 30 KG GP,Standard (UberX/Bolt)
VEH_00375,DRV_00375,Kia,Picanto,2024,XQ 51 JI GP,Standard (UberX/Bolt)
VEH_00376,DRV_00376,BMW,3 Series,2023,PH 21 OC NW,Comfort (Uber Comfort)
VEH_00377,DRV_00377,Toyota,Corolla Quest,2023,DK 94 PT NW,Standard (UberX/Bolt)
VEH_00378,DRV_00378,Toyota,Avanza,2021,AE 82 EW GP,Large Capacity (UberXL/Bolt XL)
VEH_00379,DRV_00379,Toyota,Avanza,2018,EF 34 AG GP,Large Capacity (UberXL/Bolt XL)
VEH_00380,DRV_00380,Toyota,Corolla Quest,2022,ZM 64 VO CA,Standard (UberX/Bolt)
VEH_00381,DRV_00381,Volkswagen,Polo Vivo,2022,BE 27 ZC GP,Standard (UberX/Bolt)
VEH_00382,DRV_00382,Hyundai,Grand i10,2025,TA 27 CP GP,Standard (UberX/Bolt)
VEH_00383,DRV_00383,Kia,Picanto,2023,YB 75 RG NW,Standard (UberX/Bolt)
VEH_00384,DRV_00384,Toyota,Corolla Quest,2016,QL 53 XZ CA,Standard (UberX/Bolt)
VEH_00385,DRV_00385,Suzuki,Ertiga,2016,OJ 93 ZH NW,Large Capacity (UberXL/Bolt XL)
VEH_00386,DRV_00386,Renault,Triber,2021,MI 34 FH GP,Large Capacity (UberXL/Bolt XL)
VEH_00387,DRV_00387,BMW,3 Series,2016,XP 40 TB GP,Comfort (Uber Comfort)
VEH_00388,DRV_00388,Hyundai,Grand i10,2021,CF 91 TV NW,Standard (UberX/Bolt)
VEH_00389,DRV_00389,Suzuki,Ertiga,2017,FI 25 HQ GP,Large Capacity (UberXL/Bolt XL)
VEH_00390,DRV_00390,Renault,Triber,2020,CO 87 JI NW,Large Capacity (UberXL/Bolt XL)
VEH_00391,DRV_00391,Volkswagen,Polo Vivo,2017,JS 25 PZ NW,Standard (UberX/Bolt)
VEH_00392,DRV_00392,Toyota,Corolla Quest,2022,KE 11 HZ GP,Standard (UberX/Bolt)
VEH_00393,DRV_00393,Volkswagen,Polo Vivo,2025,KP 39 RT NW,Standard (UberX/Bolt)
VEH_00394,DRV_00394,Toyota,Avanza,2023,AG 94 LX CA,Large Capacity (UberXL/Bolt XL)
VEH_00395,DRV_00395,Toyota,Corolla Quest,2024,NU 67 BF GP,Standard (UberX/Bolt)
VEH_00396,DRV_00396,Toyota,Corolla Quest,2016,KX 65 WL NW,Standard (UberX/Bolt)
VEH_00397,DRV_00397,Renault,Triber,2019,ZL 90 AG GP,Large Capacity (UberXL/Bolt XL)
VEH_00398,DRV_00398,Toyota,Avanza,2024,DE 60 DJ NW,Large Capacity (UberXL/Bolt XL)
VEH_00399,DRV_00399,Toyota,Avanza,2024,EG 49 NI CA,Large Capacity (UberXL/Bolt XL)
VEH_00400,DRV_00400,Toyota,Corolla Quest,2020,WE 56 NI NW,Standard (UberX/Bolt)
VEH_00401,DRV_00401,Kia,Picanto,2021,BM 29 AJ NW,Standard (UberX/Bolt)
VEH_00402,DRV_00402,Toyota,Avanza,2020,DI 87 TC NW,Large Capacity (UberXL/Bolt XL)
VEH_00403,DRV_00403,BMW,3 Series,2021,JP 48 KG GP,Comfort (Uber Comfort)
VEH_00404,DRV_00404,Suzuki,Ertiga,2020,KZ 26 EF NW,Large Capacity (UberXL/Bolt XL)
VEH_00405,DRV_00405,Renault,Triber,2025,YR 28 SZ NW,Large Capacity (UberXL/Bolt XL)
VEH_00406,DRV_00406,Kia,Picanto,2022,YN 25 NZ GP,Standard (UberX/Bolt)
VEH_00407,DRV_00407,BMW,3 Series,2019,IK 65 ZO GP,Comfort (Uber Comfort)
VEH_00408,DRV_00408,Kia,Picanto,2023,EB 82 CD GP,Standard (UberX/Bolt)
VEH_00409,DRV_00409,Renault,Triber,2022,XV 35 WH GP,Large Capacity (UberXL/Bolt XL)
VEH_00410,DRV_00410,BMW,3 Series,2024,EM 54 DB NW,Comfort (Uber Comfort)
VEH_00411,DRV_00411,Kia,Picanto,2025,FP 12 XC NW,Standard (UberX/Bolt)
VEH_00412,DRV_00412,Suzuki,Ertiga,2019,RT 51 XU CA,Large Capacity (UberXL/Bolt XL)
VEH_00413,DRV_00413,Renault,Triber,2019,SV 47 MA GP,Large Capacity (UberXL/Bolt XL)
VEH_00414,DRV_00414,Toyota,Avanza,2024,LH 35 HX GP,Large Capacity (UberXL/Bolt XL)
VEH_00415,DRV_00415,Renault,Triber,2022,VY 69 CP NW,Large Capacity (UberXL/Bolt XL)
VEH_00416,DRV_00416,Renault,Triber,2018,TM 59 WC NW,Large Capacity (UberXL/Bolt XL)
VEH_00417,DRV_00417,Kia,Picanto,2018,SL 52 TM GP,Standard (UberX/Bolt)
VEH_00418,DRV_00418,Kia,Picanto,2016,DN 30 XL GP,Standard (UberX/Bolt)
VEH_00419,DRV_00419,BMW,3 Series,2022,KH 83 CN NW,Comfort (Uber Comfort)
VEH_00420,DRV_00420,Volkswagen,Polo Vivo,2022,HQ 90 FM GP,Standard (UberX/Bolt)
VEH_00421,DRV_00421,Kia,Picanto,2016,ZD 10 LD GP,Standard (UberX/Bolt)
VEH_00422,DRV_00422,Suzuki,Ertiga,2017,JW 24 MQ GP,Large Capacity (UberXL/Bolt XL)
VEH_00423,DRV_00423,Suzuki,Ertiga,2024,CK 22 DB GP,Large Capacity (UberXL/Bolt XL)
VEH_00424,DRV_00424,Hyundai,Grand i10,2024,PH 13 TO GP,Standard (UberX/Bolt)
VEH_00425,DRV_00425,Toyota,Corolla Quest,2020,GH 53 EF NW,Standard (UberX/Bolt)
VEH_00426,DRV_00426,Suzuki,Ertiga,2025,KQ 17 PY NW,Large Capacity (UberXL/Bolt XL)
VEH_00427,DRV_00427,Renault,Triber,2020,DZ 45 HZ NW,Large Capacity (UberXL/Bolt XL)
VEH_00428,DRV_00428,Suzuki,Ertiga,2022,ZC 81 BI CA,Large Capacity (UberXL/Bolt XL)
VEH_00429,DRV_00429,Nissan,Almera,2025,ZF 43 JN NW,Standard (UberX/Bolt)
VEH_00430,DRV_00430,Toyota,Avanza,2023,QW 21 KP NW,Large Capacity (UberXL/Bolt XL)
VEH_00431,DRV_00431,BMW,3 Series,2019,VI 14 YY NW,Comfort (Uber Comfort)
VEH_00432,DRV_00432,Renault,Triber,2019,VH 67 WP GP,Large Capacity (UberXL/Bolt XL)
VEH_00433,DRV_00433,Toyota,Corolla Quest,2023,WW 56 ZC NW,Standard (UberX/Bolt)
VEH_00434,DRV_00434,Suzuki,Ertiga,2023,GX 29 CN CA,Large Capacity (UberXL/Bolt XL)
VEH_00435,DRV_00435,BMW,3 Series,2017,US 23 TR GP,Comfort (Uber Comfort)
VEH_00436,DRV_00436,Kia,Picanto,2019,CL 90 XM GP,Standard (UberX/Bolt)
VEH_00437,DRV_00437,Nissan,Almera,2024,AR 86 HR NW,Standard (UberX/Bolt)
VEH_00438,DRV_00438,Toyota,Avanza,2023,RU 97 CL NW,Large Capacity (UberXL/Bolt XL)
VEH_00439,DRV_00439,Toyota,Corolla Quest,2021,HV 57 KB GP,Standard (UberX/Bolt)
VEH_00440,DRV_00440,Toyota,Avanza,2019,ID 42 ZC NW,Large Capacity (UberXL/Bolt XL)
VEH_00441,DRV_00441,BMW,3 Series,2022,HP 75 QI GP,Comfort (Uber Comfort)
VEH_00442,DRV_00442,Toyota,Avanza,2019,ZT 34 TU GP,Large Capacity (UberXL/Bolt XL)
VEH_00443,DRV_00443,Volkswagen,Polo Vivo,2019,TL 83 ZM GP,Standard (UberX/Bolt)
VEH_00444,DRV_00444,Toyota,Avanza,2021,ES 15 KF NW,Large Capacity (UberXL/Bolt XL)
VEH_00445,DRV_00445,Suzuki,Ertiga,2021,SZ 78 KG NW,Large Capacity (UberXL/Bolt XL)
VEH_00446,DRV_00446,Renault,Triber,2025,YU 79 FD GP,Large Capacity (UberXL/Bolt XL)
VEH_00447,DRV_00447,Toyota,Corolla Quest,2019,GC 87 BK NW,Standard (UberX/Bolt)
VEH_00448,DRV_00448,Kia,Picanto,2025,IL 92 NX GP,Standard (UberX/Bolt)
VEH_00449,DRV_00449,Toyota,Avanza,2025,OM 49 GK GP,Large Capacity (UberXL/Bolt XL)
VEH_00450,DRV_00450,Toyota,Corolla Quest,2022,FI 10 MA GP,Standard (UberX/Bolt)
VEH_00451,DRV_00451,Nissan,Almera,2024,ZY 14 FD GP,Standard (UberX/Bolt)
VEH_00452,DRV_00452,Volkswagen,Polo Vivo,2024,KX 47 FI GP,Standard (UberX/Bolt)
VEH_00453,DRV_00453,Suzuki,Ertiga,2018,SD 29 UQ NW,Large Capacity (UberXL/Bolt XL)
VEH_00454,DRV_00454,Hyundai,Grand i10,2019,YK 77 NX GP,Standard (UberX/Bolt)
VEH_00455,DRV_00455,Hyundai,Grand i10,2016,AY 75 RQ CA,Standard (UberX/Bolt)
VEH_00456,DRV_00456,Hyundai,Grand i10,2016,AM 70 KD CA,Standard (UberX/Bolt)
VEH_00457,DRV_00457,Toyota,Corolla Quest,2023,DP 72 EZ CA,Standard (UberX/Bolt)
VEH_00458,DRV_00458,BMW,3 Series,2025,PR 45 ZG CA,Comfort (Uber Comfort)
VEH_00459,DRV_00459,Kia,Picanto,2024,VE 76 OC NW,Standard (UberX/Bolt)
VEH_00460,DRV_00460,Nissan,Almera,2019,EE 27 BN NW,Standard (UberX/Bolt)
VEH_00461,DRV_00461,Volkswagen,Polo Vivo,2017,ZX 29 MX GP,Standard (UberX/Bolt)
VEH_00462,DRV_00462,Volkswagen,Polo Vivo,2020,BD 14 NL GP,Standard (UberX/Bolt)
VEH_00463,DRV_00463,Toyota,Corolla Quest,2024,HY 14 DS CA,Standard (UberX/Bolt)
VEH_00464,DRV_00464,Volkswagen,Polo Vivo,2025,KT 89 HB NW,Standard (UberX/Bolt)
VEH_00465,DRV_00465,Kia,Picanto,2018,XG 55 LE CA,Standard (UberX/Bolt)
VEH_00466,DRV_00466,Renault,Triber,2019,WF 17 DK NW,Large Capacity (UberXL/Bolt XL)
VEH_00467,DRV_00467,Toyota,Avanza,2022,MO 46 AM NW,Large Capacity (UberXL/Bolt XL)
VEH_00468,DRV_00468,Hyundai,Grand i10,2024,XB 31 OI GP,Standard (UberX/Bolt)
VEH_00469,DRV_00469,Suzuki,Ertiga,2020,DC 43 CX NW,Large Capacity (UberXL/Bolt XL)
VEH_00470,DRV_00470,Nissan,Almera,2021,FA 85 LA NW,Standard (UberX/Bolt)
VEH_00471,DRV_00471,Toyota,Avanza,2025,JU 11 NV NW,Large Capacity (UberXL/Bolt XL)
VEH_00472,DRV_00472,Nissan,Almera,2019,YS 88 RG GP,Standard (UberX/Bolt)
VEH_00473,DRV_00473,Suzuki,Ertiga,2023,CL 11 BJ NW,Large Capacity (UberXL/Bolt XL)
VEH_00474,DRV_00474,BMW,3 Series,2016,MD 30 BD GP,Comfort (Uber Comfort)
VEH_00475,DRV_00475,Toyota,Corolla Quest,2020,GQ 17 YP NW,Standard (UberX/Bolt)
VEH_00476,DRV_00476,Toyota,Avanza,2020,AC 95 VU GP,Large Capacity (UberXL/Bolt XL)
VEH_00477,DRV_00477,Volkswagen,Polo Vivo,2019,WY 25 GO NW,Standard (UberX/Bolt)
VEH_00478,DRV_00478,Volkswagen,Polo Vivo,2019,XD 60 IA GP,Standard (UberX/Bolt)
VEH_00479,DRV_00479,Toyota,Avanza,2023,RL 26 FX GP,Large Capacity (UberXL/Bolt XL)
VEH_00480,DRV_00480,Hyundai,Grand i10,2020,XM 88 YL NW,Standard (UberX/Bolt)
VEH_00481,DRV_00481,Toyota,Avanza,2022,EP 18 GA NW,Large Capacity (UberXL/Bolt XL)
VEH_00482,DRV_00482,Suzuki,Ertiga,2019,JG 38 YA NW,Large Capacity (UberXL/Bolt XL)
VEH_00483,DRV_00483,Suzuki,Ertiga,2025,RF 15 PI NW,Large Capacity (UberXL/Bolt XL)
VEH_00484,DRV_00484,Toyota,Corolla Quest,2024,ZD 66 VN GP,Standard (UberX/Bolt)
VEH_00485,DRV_00485,Renault,Triber,2023,DB 11 NV CA,Large Capacity (UberXL/Bolt XL)
VEH_00486,DRV_00486,Kia,Picanto,2016,NK 65 ZZ GP,Standard (UberX/Bolt)
VEH_00487,DRV_00487,Volkswagen,Polo Vivo,2017,EZ 80 TG GP,Standard (UberX/Bolt)
VEH_00488,DRV_00488,Hyundai,Grand i10,2019,YX 29 LD GP,Standard (UberX/Bolt)
VEH_00489,DRV_00489,Nissan,Almera,2016,VS 12 SR GP,Standard (UberX/Bolt)
VEH_00490,DRV_00490,Renault,Triber,2016,EB 54 MD GP,Large Capacity (UberXL/Bolt XL)
VEH_00491,DRV_00491,Nissan,Almera,2016,NB 66 YH GP,Standard (UberX/Bolt)
VEH_00492,DRV_00492,Volkswagen,Polo Vivo,2023,FA 20 AI NW,Standard (UberX/Bolt)
VEH_00493,DRV_00493,BMW,3 Series,2023,LP 95 DK GP,Comfort (Uber Comfort)
VEH_00494,DRV_00494,BMW,3 Series,2025,DM 52 PQ NW,Comfort (Uber Comfort)
VEH_00495,DRV_00495,Toyota,Avanza,2019,JM 13 DE NW,Large Capacity (UberXL/Bolt XL)
VEH_00496,DRV_00496,Nissan,Almera,2020,CA 68 BH GP,Standard (UberX/Bolt)
VEH_00497,DRV_00497,Toyota,Corolla Quest,2023,VG 45 WK GP,Standard (UberX/Bolt)
VEH_00498,DRV_00498,Kia,Picanto,2024,FK 94 IL GP,Standard (UberX/Bolt)
VEH_00499,DRV_00499,Kia,Picanto,2023,TY 73 NO NW,Standard (UberX/Bolt)
VEH_00500,DRV_00500,Renault,Triber,2021,DR 96 MY NW,Large Capacity (UberXL/Bolt XL)
VEH_00501,DRV_00501,Toyota,Corolla Quest,2024,KB 39 VF GP,Standard (UberX/Bolt)
VEH_00502,DRV_00502,Hyundai,Grand i10,2021,RU 74 KK NW,Standard (UberX/Bolt)
VEH_00503,DRV_00503,BMW,3 Series,2024,KR 61 NT GP,Comfort (Uber Comfort)
VEH_00504,DRV_00504,BMW,3 Series,2018,GT 88 YP NW,Comfort (Uber Comfort)
VEH_00505,DRV_00505,Toyota,Corolla Quest,2020,KE 39 KG NW,Standard (UberX/Bolt)
VEH_00506,DRV_00506,Hyundai,Grand i10,2018,ZJ 77 GE CA,Standard (UberX/Bolt)
VEH_00507,DRV_00507,Volkswagen,Polo Vivo,2020,HX 29 KY GP,Standard (UberX/Bolt)
VEH_00508,DRV_00508,Kia,Picanto,2024,QY 31 JG GP,Standard (UberX/Bolt)
VEH_00509,DRV_00509,Hyundai,Grand i10,2020,CS 26 GI NW,Standard (UberX/Bolt)
VEH_00510,DRV_00510,Kia,Picanto,2024,MB 80 QQ CA,Standard (UberX/Bolt)
VEH_00511,DRV_00511,Renault,Triber,2019,AI 93 QN NW,Large Capacity (UberXL/Bolt XL)
VEH_00512,DRV_00512,Volkswagen,Polo Vivo,2025,YX 82 BJ GP,Standard (UberX/Bolt)
VEH_00513,DRV_00513,BMW,3 Series,2016,WQ 74 VY NW,Comfort (Uber Comfort)
VEH_00514,DRV_00514,Hyundai,Grand i10,2019,EM 42 FB GP,Standard (UberX/Bolt)
VEH_00515,DRV_00515,Renault,Triber,2019,RI 75 XB NW,Large Capacity (UberXL/Bolt XL)
VEH_00516,DRV_00516,Volkswagen,Polo Vivo,2017,GW 46 YJ GP,Standard (UberX/Bolt)
VEH_00517,DRV_00517,Suzuki,Ertiga,2016,TU 46 ZS GP,Large Capacity (UberXL/Bolt XL)
VEH_00518,DRV_00518,Renault,Triber,2024,EP 18 KS CA,Large Capacity (UberXL/Bolt XL)
VEH_00519,DRV_00519,Hyundai,Grand i10,2025,EK 81 FN NW,Standard (UberX/Bolt)
VEH_00520,DRV_00520,Toyota,Corolla Quest,2020,XC 29 NI GP,Standard (UberX/Bolt)
VEH_00521,DRV_00521,Kia,Picanto,2020,QI 64 SA NW,Standard (UberX/Bolt)
VEH_00522,DRV_00522,Nissan,Almera,2017,XD 41 BW NW,Standard (UberX/Bolt)
VEH_00523,DRV_00523,Toyota,Avanza,2023,GT 86 TG GP,Large Capacity (UberXL/Bolt XL)
VEH_00524,DRV_00524,Kia,Picanto,2016,SM 82 DP NW,Standard (UberX/Bolt)
VEH_00525,DRV_00525,Toyota,Corolla Quest,2018,HM 46 DK GP,Standard (UberX/Bolt)
VEH_00526,DRV_00526,Toyota,Corolla Quest,2019,TW 78 UM GP,Standard (UberX/Bolt)
VEH_00527,DRV_00527,Toyota,Corolla Quest,2019,IP 60 AH NW,Standard (UberX/Bolt)
VEH_00528,DRV_00528,Suzuki,Ertiga,2016,ZL 11 YD NW,Large Capacity (UberXL/Bolt XL)
VEH_00529,DRV_00529,Toyota,Corolla Quest,2024,SD 83 GA NW,Standard (UberX/Bolt)
VEH_00530,DRV_00530,Kia,Picanto,2020,UH 92 ZX GP,Standard (UberX/Bolt)
VEH_00531,DRV_00531,Toyota,Corolla Quest,2022,PE 13 SM NW,Standard (UberX/Bolt)
VEH_00532,DRV_00532,Kia,Picanto,2023,QB 87 OF NW,Standard (UberX/Bolt)
VEH_00533,DRV_00533,Toyota,Corolla Quest,2017,FW 12 VV CA,Standard (UberX/Bolt)
VEH_00534,DRV_00534,Volkswagen,Polo Vivo,2018,YI 91 AS NW,Standard (UberX/Bolt)
VEH_00535,DRV_00535,Renault,Triber,2017,GA 70 JR NW,Large Capacity (UberXL/Bolt XL)
VEH_00536,DRV_00536,Nissan,Almera,2024,RQ 74 NI GP,Standard (UberX/Bolt)
VEH_00537,DRV_00537,Hyundai,Grand i10,2024,MF 23 IG GP,Standard (UberX/Bolt)
VEH_00538,DRV_00538,Suzuki,Ertiga,2020,GS 12 SY NW,Large Capacity (UberXL/Bolt XL)
VEH_00539,DRV_00539,Nissan,Almera,2016,GE 80 WK NW,Standard (UberX/Bolt)
VEH_00540,DRV_00540,Volkswagen,Polo Vivo,2022,CA 11 EB NW,Standard (UberX/Bolt)
VEH_00541,DRV_00541,BMW,3 Series,2025,LR 58 LN NW,Comfort (Uber Comfort)
VEH_00542,DRV_00542,Suzuki,Ertiga,2020,GK 62 JR NW,Large Capacity (UberXL/Bolt XL)
VEH_00543,DRV_00543,Hyundai,Grand i10,2019,XE 26 VC GP,Standard (UberX/Bolt)
VEH_00544,DRV_00544,Suzuki,Ertiga,2024,KB 69 YA CA,Large Capacity (UberXL/Bolt XL)
VEH_00545,DRV_00545,Nissan,Almera,2018,XP 23 JK NW,Standard (UberX/Bolt)
VEH_00546,DRV_00546,Toyota,Corolla Quest,2024,NR 63 YE NW,Standard (UberX/Bolt)
VEH_00547,DRV_00547,Toyota,Corolla Quest,2025,TK 48 QE NW,Standard (UberX/Bolt)
VEH_00548,DRV_00548,Toyota,Corolla Quest,2024,EL 21 FV GP,Standard (UberX/Bolt)
VEH_00549,DRV_00549,Suzuki,Ertiga,2020,HB 29 FA NW,Large Capacity (UberXL/Bolt XL)
VEH_00550,DRV_00550,Kia,Picanto,2025,AB 81 MA NW,Standard (UberX/Bolt)
VEH_00551,DRV_00551,Suzuki,Ertiga,2019,QZ 19 OM NW,Large Capacity (UberXL/Bolt XL)
VEH_00552,DRV_00552,Hyundai,Grand i10,2018,XG 80 HT NW,Standard (UberX/Bolt)
VEH_00553,DRV_00553,Renault,Triber,2021,DD 41 OQ CA,Large Capacity (UberXL/Bolt XL)
VEH_00554,DRV_00554,Nissan,Almera,2024,JG 39 IK GP,Standard (UberX/Bolt)
VEH_00555,DRV_00555,Renault,Triber,2020,ON 68 LF GP,Large Capacity (UberXL/Bolt XL)
VEH_00556,DRV_00556,Kia,Picanto,2019,YX 89 YF NW,Standard (UberX/Bolt)
VEH_00557,DRV_00557,Nissan,Almera,2017,QQ 19 HD NW,Standard (UberX/Bolt)
VEH_00558,DRV_00558,Hyundai,Grand i10,2021,BV 61 IV NW,Standard (UberX/Bolt)
VEH_00559,DRV_00559,Kia,Picanto,2024,JN 58 VK GP,Standard (UberX/Bolt)
VEH_00560,DRV_00560,Nissan,Almera,2022,EL 14 NS GP,Standard (UberX/Bolt)
VEH_00561,DRV_00561,Kia,Picanto,2023,GM 75 KC GP,Standard (UberX/Bolt)
VEH_00562,DRV_00562,Toyota,Corolla Quest,2021,ZP 24 FL NW,Standard (UberX/Bolt)
VEH_00563,DRV_00563,Hyundai,Grand i10,2024,QI 12 ZL GP,Standard (UberX/Bolt)
VEH_00564,DRV_00564,Hyundai,Grand i10,2021,XO 85 KE GP,Standard (UberX/Bolt)
VEH_00565,DRV_00565,Hyundai,Grand i10,2024,FI 23 KS NW,Standard (UberX/Bolt)
VEH_00566,DRV_00566,Hyundai,Grand i10,2020,IA 47 IA NW,Standard (UberX/Bolt)
VEH_00567,DRV_00567,Kia,Picanto,2025,OH 11 IF NW,Standard (UberX/Bolt)
VEH_00568,DRV_00568,Toyota,Avanza,2016,RH 98 TL GP,Large Capacity (UberXL/Bolt XL)
VEH_00569,DRV_00569,Nissan,Almera,2025,TV 85 TK GP,Standard (UberX/Bolt)
VEH_00570,DRV_00570,Toyota,Avanza,2019,LH 83 PQ NW,Large Capacity (UberXL/Bolt XL)
VEH_00571,DRV_00571,Volkswagen,Polo Vivo,2016,KA 81 QM CA,Standard (UberX/Bolt)
VEH_00572,DRV_00572,BMW,3 Series,2018,OA 43 CF CA,Comfort (Uber Comfort)
VEH_00573,DRV_00573,Nissan,Almera,2025,VB 92 QL GP,Standard (UberX/Bolt)
VEH_00574,DRV_00574,Suzuki,Ertiga,2018,QJ 43 QC GP,Large Capacity (UberXL/Bolt XL)
VEH_00575,DRV_00575,Suzuki,Ertiga,2021,BY 52 FO GP,Large Capacity (UberXL/Bolt XL)
VEH_00576,DRV_00576,Toyota,Corolla Quest,2024,KT 72 JV GP,Standard (UberX/Bolt)
VEH_00577,DRV_00577,Nissan,Almera,2025,SJ 27 OG NW,Standard (UberX/Bolt)
VEH_00578,DRV_00578,Toyota,Corolla Quest,2020,KG 19 IC NW,Standard (UberX/Bolt)
VEH_00579,DRV_00579,Toyota,Corolla Quest,2016,UX 73 SF NW,Standard (UberX/Bolt)
VEH_00580,DRV_00580,Volkswagen,Polo Vivo,2022,BL 70 TP CA,Standard (UberX/Bolt)
VEH_00581,DRV_00581,BMW,3 Series,2017,HO 14 RU GP,Comfort (Uber Comfort)
VEH_00582,DRV_00582,Nissan,Almera,2020,QI 18 VY NW,Standard (UberX/Bolt)
VEH_00583,DRV_00583,Volkswagen,Polo Vivo,2021,SL 61 TC NW,Standard (UberX/Bolt)
VEH_00584,DRV_00584,Nissan,Almera,2019,TH 81 XL CA,Standard (UberX/Bolt)
VEH_00585,DRV_00585,Suzuki,Ertiga,2021,QV 91 BE GP,Large Capacity (UberXL/Bolt XL)
VEH_00586,DRV_00586,Nissan,Almera,2024,KC 31 FW NW,Standard (UberX/Bolt)
VEH_00587,DRV_00587,Nissan,Almera,2021,OQ 82 NP GP,Standard (UberX/Bolt)
VEH_00588,DRV_00588,Toyota,Avanza,2025,LL 42 QF GP,Large Capacity (UberXL/Bolt XL)
VEH_00589,DRV_00589,Nissan,Almera,2016,ZR 73 AQ CA,Standard (UberX/Bolt)
VEH_00590,DRV_00590,BMW,3 Series,2019,FE 62 VG NW,Comfort (Uber Comfort)
VEH_00591,DRV_00591,Suzuki,Ertiga,2018,VO 87 VG NW,Large Capacity (UberXL/Bolt XL)
VEH_00592,DRV_00592,Renault,Triber,2024,LE 59 WZ GP,Large Capacity (UberXL/Bolt XL)
VEH_00593,DRV_00593,Suzuki,Ertiga,2016,BE 15 QF CA,Large Capacity (UberXL/Bolt XL)
VEH_00594,DRV_00594,Toyota,Corolla Quest,2021,DN 24 GA GP,Standard (UberX/Bolt)
VEH_00595,DRV_00595,Hyundai,Grand i10,2023,OQ 64 GX NW,Standard (UberX/Bolt)
VEH_00596,DRV_00596,Toyota,Corolla Quest,2020,SG 69 HY GP,Standard (UberX/Bolt)
VEH_00597,DRV_00597,Renault,Triber,2020,JW 88 KJ GP,Large Capacity (UberXL/Bolt XL)
VEH_00598,DRV_00598,Toyota,Corolla Quest,2020,ER 93 TN NW,Standard (UberX/Bolt)
VEH_00599,DRV_00599,BMW,3 Series,2021,CY 43 DZ NW,Comfort (Uber Comfort)
VEH_00600,DRV_00600,Volkswagen,Polo Vivo,2024,JH 56 GQ NW,Standard (UberX/Bolt)
VEH_00601,DRV_00601,Kia,Picanto,2018,ZF 98 BQ NW,Standard (UberX/Bolt)
VEH_00602,DRV_00602,Renault,Triber,2024,TM 66 KY NW,Large Capacity (UberXL/Bolt XL)
VEH_00603,DRV_00603,BMW,3 Series,2016,CB 54 HC NW,Comfort (Uber Comfort)
VEH_00604,DRV_00604,Toyota,Avanza,2017,XB 22 UG GP,Large Capacity (UberXL/Bolt XL)
VEH_00605,DRV_00605,Hyundai,Grand i10,2021,HX 86 DR CA,Standard (UberX/Bolt)
VEH_00606,DRV_00606,Nissan,Almera,2017,FV 31 FK NW,Standard (UberX/Bolt)
VEH_00607,DRV_00607,Toyota,Corolla Quest,2021,ZF 47 PO GP,Standard (UberX/Bolt)
VEH_00608,DRV_00608,Renault,Triber,2021,LB 77 NR GP,Large Capacity (UberXL/Bolt XL)
VEH_00609,DRV_00609,Toyota,Corolla Quest,2020,VD 88 LU GP,Standard (UberX/Bolt)
VEH_00610,DRV_00610,Kia,Picanto,2017,ZH 21 LX GP,Standard (UberX/Bolt)
VEH_00611,DRV_00611,Nissan,Almera,2020,DW 99 AI GP,Standard (UberX/Bolt)
VEH_00612,DRV_00612,Toyota,Corolla Quest,2024,SL 76 UX GP,Standard (UberX/Bolt)
VEH_00613,DRV_00613,Toyota,Avanza,2024,KH 12 TH GP,Large Capacity (UberXL/Bolt XL)
VEH_00614,DRV_00614,Nissan,Almera,2016,PL 86 UU NW,Standard (UberX/Bolt)
VEH_00615,DRV_00615,Nissan,Almera,2017,PG 75 QL CA,Standard (UberX/Bolt)
VEH_00616,DRV_00616,BMW,3 Series,2022,YL 47 GW NW,Comfort (Uber Comfort)
VEH_00617,DRV_00617,Toyota,Avanza,2025,JB 34 IM NW,Large Capacity (UberXL/Bolt XL)
VEH_00618,DRV_00618,Toyota,Corolla Quest,2022,FY 68 QY GP,Standard (UberX/Bolt)
VEH_00619,DRV_00619,Toyota,Corolla Quest,2023,IH 52 IR NW,Standard (UberX/Bolt)
VEH_00620,DRV_00620,Nissan,Almera,2020,FC 34 YS CA,Standard (UberX/Bolt)
VEH_00621,DRV_00621,Volkswagen,Polo Vivo,2018,UT 75 TI GP,Standard (UberX/Bolt)
VEH_00622,DRV_00622,BMW,3 Series,2024,WD 17 JV GP,Comfort (Uber Comfort)
VEH_00623,DRV_00623,BMW,3 Series,2018,KH 43 PC GP,Comfort (Uber Comfort)
VEH_00624,DRV_00624,Renault,Triber,2021,XG 53 RF GP,Large Capacity (UberXL/Bolt XL)
VEH_00625,DRV_00625,Toyota,Avanza,2017,QS 62 XN CA,Large Capacity (UberXL/Bolt XL)
VEH_00626,DRV_00626,Toyota,Avanza,2025,TK 79 XP CA,Large Capacity (UberXL/Bolt XL)
VEH_00627,DRV_00627,Volkswagen,Polo Vivo,2017,GB 33 BN NW,Standard (UberX/Bolt)
VEH_00628,DRV_00628,Toyota,Avanza,2017,ZK 79 ST GP,Large Capacity (UberXL/Bolt XL)
VEH_00629,DRV_00629,Hyundai,Grand i10,2016,ZB 10 WZ NW,Standard (UberX/Bolt)
VEH_00630,DRV_00630,BMW,3 Series,2024,UB 94 GK GP,Comfort (Uber Comfort)
VEH_00631,DRV_00631,Toyota,Corolla Quest,2024,CS 26 IF NW,Standard (UberX/Bolt)
VEH_00632,DRV_00632,Nissan,Almera,2021,AZ 55 RD GP,Standard (UberX/Bolt)
VEH_00633,DRV_00633,BMW,3 Series,2016,TM 76 ZE NW,Comfort (Uber Comfort)
VEH_00634,DRV_00634,Hyundai,Grand i10,2025,EE 84 TK NW,Standard (UberX/Bolt)
VEH_00635,DRV_00635,Hyundai,Grand i10,2016,CV 11 VW GP,Standard (UberX/Bolt)
VEH_00636,DRV_00636,Toyota,Avanza,2019,QJ 57 DX NW,Large Capacity (UberXL/Bolt XL)
VEH_00637,DRV_00637,Toyota,Avanza,2019,ZB 73 MC NW,Large Capacity (UberXL/Bolt XL)
VEH_00638,DRV_00638,BMW,3 Series,2017,SK 28 HX CA,Comfort (Uber Comfort)
VEH_00639,DRV_00639,Kia,Picanto,2016,ZZ 55 SF GP,Standard (UberX/Bolt)
VEH_00640,DRV_00640,Kia,Picanto,2018,VD 61 SZ GP,Standard (UberX/Bolt)
VEH_00641,DRV_00641,Kia,Picanto,2016,ZF 27 US CA,Standard (UberX/Bolt)
VEH_00642,DRV_00642,Kia,Picanto,2018,AL 61 YQ NW,Standard (UberX/Bolt)
VEH_00643,DRV_00643,Toyota,Corolla Quest,2020,RF 88 XG NW,Standard (UberX/Bolt)
VEH_00644,DRV_00644,Renault,Triber,2020,OJ 39 KU NW,Large Capacity (UberXL/Bolt XL)
VEH_00645,DRV_00645,Kia,Picanto,2024,WP 58 XE GP,Standard (UberX/Bolt)
VEH_00646,DRV_00646,Kia,Picanto,2025,RN 77 HU NW,Standard (UberX/Bolt)
VEH_00647,DRV_00647,Volkswagen,Polo Vivo,2024,HU 10 WO GP,Standard (UberX/Bolt)
VEH_00648,DRV_00648,Suzuki,Ertiga,2018,UF 21 YQ GP,Large Capacity (UberXL/Bolt XL)
VEH_00649,DRV_00649,Hyundai,Grand i10,2021,YW 89 OC GP,Standard (UberX/Bolt)
VEH_00650,DRV_00650,Suzuki,Ertiga,2022,XS 47 UH NW,Large Capacity (UberXL/Bolt XL)
VEH_00651,DRV_00651,Suzuki,Ertiga,2022,BJ 32 YY NW,Large Capacity (UberXL/Bolt XL)
VEH_00652,DRV_00652,Hyundai,Grand i10,2024,RS 45 DL NW,Standard (UberX/Bolt)
VEH_00653,DRV_00653,Nissan,Almera,2018,US 48 ZU NW,Standard (UberX/Bolt)
VEH_00654,DRV_00654,Volkswagen,Polo Vivo,2020,SX 75 JH GP,Standard (UberX/Bolt)
VEH_00655,DRV_00655,Volkswagen,Polo Vivo,2019,UZ 93 RK NW,Standard (UberX/Bolt)
VEH_00656,DRV_00656,BMW,3 Series,2020,ZS 77 QX GP,Comfort (Uber Comfort)
VEH_00657,DRV_00657,Renault,Triber,2019,SE 40 YE CA,Large Capacity (UberXL/Bolt XL)
VEH_00658,DRV_00658,Nissan,Almera,2025,AX 78 RL NW,Standard (UberX/Bolt)
VEH_00659,DRV_00659,BMW,3 Series,2024,KH 11 HD GP,Comfort (Uber Comfort)
VEH_00660,DRV_00660,Nissan,Almera,2021,FA 73 MD NW,Standard (UberX/Bolt)
VEH_00661,DRV_00661,Volkswagen,Polo Vivo,2017,CR 89 YM NW,Standard (UberX/Bolt)
VEH_00662,DRV_00662,Kia,Picanto,2018,BP 48 QZ GP,Standard (UberX/Bolt)
VEH_00663,DRV_00663,Toyota,Avanza,2022,NV 58 BT CA,Large Capacity (UberXL/Bolt XL)
VEH_00664,DRV_00664,Kia,Picanto,2024,RN 72 WD GP,Standard (UberX/Bolt)
VEH_00665,DRV_00665,Kia,Picanto,2025,FY 47 XI NW,Standard (UberX/Bolt)
VEH_00666,DRV_00666,Suzuki,Ertiga,2016,AG 40 IO GP,Large Capacity (UberXL/Bolt XL)
VEH_00667,DRV_00667,Suzuki,Ertiga,2020,BE 25 EY NW,Large Capacity (UberXL/Bolt XL)
VEH_00668,DRV_00668,Volkswagen,Polo Vivo,2024,UV 95 TD CA,Standard (UberX/Bolt)
VEH_00669,DRV_00669,BMW,3 Series,2025,QW 18 DD GP,Comfort (Uber Comfort)
VEH_00670,DRV_00670,Toyota,Corolla Quest,2024,KL 49 HF GP,Standard (UberX/Bolt)
VEH_00671,DRV_00671,BMW,3 Series,2017,UJ 58 MI NW,Comfort (Uber Comfort)
VEH_00672,DRV_00672,Suzuki,Ertiga,2020,CZ 23 YU GP,Large Capacity (UberXL/Bolt XL)
VEH_00673,DRV_00673,Toyota,Corolla Quest,2023,ZK 89 WS GP,Standard (UberX/Bolt)
VEH_00674,DRV_00674,Kia,Picanto,2025,IW 87 JQ NW,Standard (UberX/Bolt)
VEH_00675,DRV_00675,Toyota,Corolla Quest,2023,OJ 43 UF NW,Standard (UberX/Bolt)
VEH_00676,DRV_00676,Renault,Triber,2018,UV 74 TY GP,Large Capacity (UberXL/Bolt XL)
VEH_00677,DRV_00677,Kia,Picanto,2022,HS 42 XQ CA,Standard (UberX/Bolt)
VEH_00678,DRV_00678,Toyota,Avanza,2019,FS 61 WM GP,Large Capacity (UberXL/Bolt XL)
VEH_00679,DRV_00679,Toyota,Corolla Quest,2023,BB 26 EZ CA,Standard (UberX/Bolt)
VEH_00680,DRV_00680,Nissan,Almera,2022,ZF 39 ID NW,Standard (UberX/Bolt)
VEH_00681,DRV_00681,Nissan,Almera,2020,KI 63 YA GP,Standard (UberX/Bolt)
VEH_00682,DRV_00682,Toyota,Avanza,2022,AI 63 ZM GP,Large Capacity (UberXL/Bolt XL)
VEH_00683,DRV_00683,Volkswagen,Polo Vivo,2021,CP 56 QW NW,Standard (UberX/Bolt)
VEH_00684,DRV_00684,Nissan,Almera,2023,NI 73 MC CA,Standard (UberX/Bolt)
VEH_00685,DRV_00685,Suzuki,Ertiga,2021,TH 64 HM NW,Large Capacity (UberXL/Bolt XL)
VEH_00686,DRV_00686,Renault,Triber,2021,CW 67 HQ NW,Large Capacity (UberXL/Bolt XL)
VEH_00687,DRV_00687,Renault,Triber,2022,TB 62 IZ GP,Large Capacity (UberXL/Bolt XL)
VEH_00688,DRV_00688,Volkswagen,Polo Vivo,2016,HL 65 LN GP,Standard (UberX/Bolt)
VEH_00689,DRV_00689,Volkswagen,Polo Vivo,2023,GY 11 XB GP,Standard (UberX/Bolt)
VEH_00690,DRV_00690,Kia,Picanto,2022,KL 26 AX NW,Standard (UberX/Bolt)
VEH_00691,DRV_00691,Suzuki,Ertiga,2023,OL 20 WF GP,Large Capacity (UberXL/Bolt XL)
VEH_00692,DRV_00692,BMW,3 Series,2016,UA 15 BT CA,Comfort (Uber Comfort)
VEH_00693,DRV_00693,BMW,3 Series,2022,SW 13 ZQ GP,Comfort (Uber Comfort)
VEH_00694,DRV_00694,Nissan,Almera,2023,EX 33 BM NW,Standard (UberX/Bolt)
VEH_00695,DRV_00695,Suzuki,Ertiga,2017,GK 34 GQ NW,Large Capacity (UberXL/Bolt XL)
VEH_00696,DRV_00696,Renault,Triber,2024,GC 87 YQ GP,Large Capacity (UberXL/Bolt XL)
VEH_00697,DRV_00697,Toyota,Corolla Quest,2019,XO 90 EE GP,Standard (UberX/Bolt)
VEH_00698,DRV_00698,Suzuki,Ertiga,2018,XX 59 SB NW,Large Capacity (UberXL/Bolt XL)
VEH_00699,DRV_00699,BMW,3 Series,2021,BV 75 JQ NW,Comfort (Uber Comfort)
VEH_00700,DRV_00700,Kia,Picanto,2022,SC 23 RN CA,Standard (UberX/Bolt)
VEH_00701,DRV_00701,Kia,Picanto,2016,XU 98 UA GP,Standard (UberX/Bolt)
VEH_00702,DRV_00702,Suzuki,Ertiga,2022,HJ 71 OA GP,Large Capacity (UberXL/Bolt XL)
VEH_00703,DRV_00703,Hyundai,Grand i10,2017,DF 36 YA NW,Standard (UberX/Bolt)
VEH_00704,DRV_00704,Renault,Triber,2025,NM 70 BS GP,Large Capacity (UberXL/Bolt XL)
VEH_00705,DRV_00705,Toyota,Avanza,2018,OA 93 LC CA,Large Capacity (UberXL/Bolt XL)
VEH_00706,DRV_00706,Kia,Picanto,2024,IG 32 UW GP,Standard (UberX/Bolt)
VEH_00707,DRV_00707,Volkswagen,Polo Vivo,2016,GF 23 CZ NW,Standard (UberX/Bolt)
VEH_00708,DRV_00708,Toyota,Avanza,2020,IG 61 RO NW,Large Capacity (UberXL/Bolt XL)
VEH_00709,DRV_00709,Nissan,Almera,2017,VF 81 TI NW,Standard (UberX/Bolt)
VEH_00710,DRV_00710,Renault,Triber,2018,GR 44 TW NW,Large Capacity (UberXL/Bolt XL)
VEH_00711,DRV_00711,BMW,3 Series,2017,FB 89 VF GP,Comfort (Uber Comfort)
VEH_00712,DRV_00712,Renault,Triber,2025,NM 89 MG GP,Large Capacity (UberXL/Bolt XL)
VEH_00713,DRV_00713,Nissan,Almera,2024,LQ 20 GQ NW,Standard (UberX/Bolt)
VEH_00714,DRV_00714,Nissan,Almera,2021,XH 12 XW GP,Standard (UberX/Bolt)
VEH_00715,DRV_00715,Toyota,Avanza,2024,LS 11 DR NW,Large Capacity (UberXL/Bolt XL)
VEH_00716,DRV_00716,Renault,Triber,2021,XP 18 ZP NW,Large Capacity (UberXL/Bolt XL)
VEH_00717,DRV_00717,Nissan,Almera,2020,XF 39 QO GP,Standard (UberX/Bolt)
VEH_00718,DRV_00718,Hyundai,Grand i10,2023,GA 24 FU NW,Standard (UberX/Bolt)
VEH_00719,DRV_00719,Toyota,Avanza,2021,NN 45 VF GP,Large Capacity (UberXL/Bolt XL)
VEH_00720,DRV_00720,Toyota,Avanza,2018,SC 90 AP CA,Large Capacity (UberXL/Bolt XL)
VEH_00721,DRV_00721,Toyota,Avanza,2020,OR 64 BD NW,Large Capacity (UberXL/Bolt XL)
VEH_00722,DRV_00722,Toyota,Corolla Quest,2018,KZ 11 MG GP,Standard (UberX/Bolt)
VEH_00723,DRV_00723,Hyundai,Grand i10,2021,ZQ 39 HP NW,Standard (UberX/Bolt)
VEH_00724,DRV_00724,Renault,Triber,2016,KZ 57 NL NW,Large Capacity (UberXL/Bolt XL)
VEH_00725,DRV_00725,Suzuki,Ertiga,2019,UL 91 AK NW,Large Capacity (UberXL/Bolt XL)
VEH_00726,DRV_00726,BMW,3 Series,2023,JI 87 BS NW,Comfort (Uber Comfort)
VEH_00727,DRV_00727,Suzuki,Ertiga,2023,QD 28 PQ NW,Large Capacity (UberXL/Bolt XL)
VEH_00728,DRV_00728,Toyota,Corolla Quest,2023,RQ 21 NY GP,Standard (UberX/Bolt)
VEH_00729,DRV_00729,Suzuki,Ertiga,2023,EI 92 PJ CA,Large Capacity (UberXL/Bolt XL)
VEH_00730,DRV_00730,Renault,Triber,2023,KO 19 ZF GP,Large Capacity (UberXL/Bolt XL)
VEH_00731,DRV_00731,Suzuki,Ertiga,2019,FQ 29 QW GP,Large Capacity (UberXL/Bolt XL)
VEH_00732,DRV_00732,Toyota,Corolla Quest,2018,LI 34 PE GP,Standard (UberX/Bolt)
VEH_00733,DRV_00733,Toyota,Corolla Quest,2020,ZC 75 XL GP,Standard (UberX/Bolt)
VEH_00734,DRV_00734,Nissan,Almera,2020,AE 56 RK NW,Standard (UberX/Bolt)
VEH_00735,DRV_00735,Nissan,Almera,2019,DT 80 MA NW,Standard (UberX/Bolt)
VEH_00736,DRV_00736,Suzuki,Ertiga,2022,LC 28 QM CA,Large Capacity (UberXL/Bolt XL)
VEH_00737,DRV_00737,Hyundai,Grand i10,2016,ZI 87 FZ NW,Standard (UberX/Bolt)
VEH_00738,DRV_00738,Suzuki,Ertiga,2016,FY 52 NB GP,Large Capacity (UberXL/Bolt XL)
VEH_00739,DRV_00739,Hyundai,Grand i10,2019,WE 26 OI GP,Standard (UberX/Bolt)
VEH_00740,DRV_00740,Toyota,Avanza,2024,XD 24 QA NW,Large Capacity (UberXL/Bolt XL)
VEH_00741,DRV_00741,Kia,Picanto,2017,TW 81 OO GP,Standard (UberX/Bolt)
VEH_00742,DRV_00742,Renault,Triber,2020,WU 51 YQ NW,Large Capacity (UberXL/Bolt XL)
VEH_00743,DRV_00743,BMW,3 Series,2023,UW 42 ZO GP,Comfort (Uber Comfort)
VEH_00744,DRV_00744,Toyota,Avanza,2022,KG 54 NK NW,Large Capacity (UberXL/Bolt XL)
VEH_00745,DRV_00745,Volkswagen,Polo Vivo,2025,WD 52 CX NW,Standard (UberX/Bolt)
VEH_00746,DRV_00746,Nissan,Almera,2020,WJ 26 ZX CA,Standard (UberX/Bolt)
VEH_00747,DRV_00747,Suzuki,Ertiga,2016,FF 73 HU GP,Large Capacity (UberXL/Bolt XL)
VEH_00748,DRV_00748,Kia,Picanto,2018,FA 88 BJ GP,Standard (UberX/Bolt)
VEH_00749,DRV_00749,Toyota,Corolla Quest,2019,MN 51 OR GP,Standard (UberX/Bolt)
VEH_00750,DRV_00750,Renault,Triber,2019,TF 25 TP GP,Large Capacity (UberXL/Bolt XL)
VEH_00751,DRV_00751,Renault,Triber,2024,CC 55 CD GP,Large Capacity (UberXL/Bolt XL)
VEH_00752,DRV_00752,BMW,3 Series,2020,OF 69 AX NW,Comfort (Uber Comfort)
VEH_00753,DRV_00753,Renault,Triber,2018,GJ 29 SJ NW,Large Capacity (UberXL/Bolt XL)
VEH_00754,DRV_00754,Toyota,Avanza,2024,ZH 78 KR GP,Large Capacity (UberXL/Bolt XL)
VEH_00755,DRV_00755,BMW,3 Series,2023,HN 55 HT NW,Comfort (Uber Comfort)
VEH_00756,DRV_00756,Renault,Triber,2024,BS 49 PZ CA,Large Capacity (UberXL/Bolt XL)
VEH_00757,DRV_00757,Kia,Picanto,2019,LO 78 AU NW,Standard (UberX/Bolt)
VEH_00758,DRV_00758,Hyundai,Grand i10,2022,GU 42 BL CA,Standard (UberX/Bolt)
VEH_00759,DRV_00759,Suzuki,Ertiga,2016,OA 19 VJ GP,Large Capacity (UberXL/Bolt XL)
VEH_00760,DRV_00760,Nissan,Almera,2016,WV 29 GB CA,Standard (UberX/Bolt)
VEH_00761,DRV_00761,Kia,Picanto,2025,QQ 13 KL NW,Standard (UberX/Bolt)
VEH_00762,DRV_00762,Hyundai,Grand i10,2016,NS 69 WR NW,Standard (UberX/Bolt)
VEH_00763,DRV_00763,Toyota,Avanza,2017,XQ 72 LG GP,Large Capacity (UberXL/Bolt XL)
VEH_00764,DRV_00764,BMW,3 Series,2021,FG 76 QA GP,Comfort (Uber Comfort)
VEH_00765,DRV_00765,Toyota,Corolla Quest,2023,RJ 50 MO GP,Standard (UberX/Bolt)
VEH_00766,DRV_00766,BMW,3 Series,2024,ET 40 EC NW,Comfort (Uber Comfort)
VEH_00767,DRV_00767,Toyota,Avanza,2020,CZ 49 JO GP,Large Capacity (UberXL/Bolt XL)
VEH_00768,DRV_00768,Toyota,Corolla Quest,2022,BO 40 KY NW,Standard (UberX/Bolt)
VEH_00769,DRV_00769,Nissan,Almera,2022,QA 13 FL CA,Standard (UberX/Bolt)
VEH_00770,DRV_00770,Suzuki,Ertiga,2023,BZ 66 YT NW,Large Capacity (UberXL/Bolt XL)
VEH_00771,DRV_00771,Volkswagen,Polo Vivo,2020,WF 55 GB GP,Standard (UberX/Bolt)
VEH_00772,DRV_00772,BMW,3 Series,2019,HE 43 WW GP,Comfort (Uber Comfort)
VEH_00773,DRV_00773,Volkswagen,Polo Vivo,2016,KU 72 SN CA,Standard (UberX/Bolt)
VEH_00774,DRV_00774,Toyota,Avanza,2024,LB 11 DM NW,Large Capacity (UberXL/Bolt XL)
VEH_00775,DRV_00775,Renault,Triber,2017,OG 92 EK CA,Large Capacity (UberXL/Bolt XL)
VEH_00776,DRV_00776,BMW,3 Series,2025,NK 80 ON GP,Comfort (Uber Comfort)
VEH_00777,DRV_00777,Toyota,Corolla Quest,2016,JJ 18 GG CA,Standard (UberX/Bolt)
VEH_00778,DRV_00778,Nissan,Almera,2019,WS 68 RP NW,Standard (UberX/Bolt)
VEH_00779,DRV_00779,Nissan,Almera,2016,JT 60 JW NW,Standard (UberX/Bolt)
VEH_00780,DRV_00780,Volkswagen,Polo Vivo,2016,BS 99 DN GP,Standard (UberX/Bolt)
VEH_00781,DRV_00781,Toyota,Avanza,2021,HZ 79 WE NW,Large Capacity (UberXL/Bolt XL)
VEH_00782,DRV_00782,Toyota,Avanza,2017,AF 15 GU CA,Large Capacity (UberXL/Bolt XL)
VEH_00783,DRV_00783,BMW,3 Series,2020,XD 42 ZM CA,Comfort (Uber Comfort)
VEH_00784,DRV_00784,Toyota,Avanza,2020,TR 34 PA GP,Large Capacity (UberXL/Bolt XL)
VEH_00785,DRV_00785,Kia,Picanto,2017,DA 34 GF GP,Standard (UberX/Bolt)
VEH_00786,DRV_00786,Toyota,Avanza,2021,ZZ 57 EL CA,Large Capacity (UberXL/Bolt XL)
VEH_00787,DRV_00787,BMW,3 Series,2019,NA 69 MN GP,Comfort (Uber Comfort)
VEH_00788,DRV_00788,Toyota,Corolla Quest,2016,OE 83 JE NW,Standard (UberX/Bolt)
VEH_00789,DRV_00789,BMW,3 Series,2020,WM 72 DD NW,Comfort (Uber Comfort)
VEH_00790,DRV_00790,Toyota,Corolla Quest,2021,RL 76 AU CA,Standard (UberX/Bolt)
VEH_00791,DRV_00791,BMW,3 Series,2017,DH 72 NF NW,Comfort (Uber Comfort)
VEH_00792,DRV_00792,Renault,Triber,2022,XZ 96 OY GP,Large Capacity (UberXL/Bolt XL)
VEH_00793,DRV_00793,BMW,3 Series,2024,YQ 65 HL NW,Comfort (Uber Comfort)
VEH_00794,DRV_00794,Suzuki,Ertiga,2021,DA 35 ML GP,Large Capacity (UberXL/Bolt XL)
VEH_00795,DRV_00795,Volkswagen,Polo Vivo,2019,NE 19 ZF NW,Standard (UberX/Bolt)
VEH_00796,DRV_00796,Toyota,Corolla Quest,2024,QT 13 YB NW,Standard (UberX/Bolt)
VEH_00797,DRV_00797,Kia,Picanto,2020,PX 94 GM CA,Standard (UberX/Bolt)
VEH_00798,DRV_00798,Renault,Triber,2018,QU 44 IB CA,Large Capacity (UberXL/Bolt XL)
VEH_00799,DRV_00799,Hyundai,Grand i10,2020,QA 83 NH GP,Standard (UberX/Bolt)
VEH_00800,DRV_00800,Kia,Picanto,2024,RV 88 IC GP,Standard (UberX/Bolt)
